variant,dimension,value,auroc,auprc,precision,recall,f1,fpr,tpr,tp,fp,tn,fn,median_anomaly_score,paired_anomaly_gt_clean,paired_n,n,threshold
pixel_only_mean,family,block corruption,0.6032307942708334,0.686878597826744,0.7088607594936709,0.2916666666666667,0.41328413284132837,0.1796875,0.2916666666666667,56,23,105,136,1.3165920197079428,0.859375,192,320,3.046258417221116
pixel_only_mean,family,blur/noise,0.5653483072916666,0.49222512098793975,0.54,0.28125,0.36986301369863017,0.1796875,0.28125,27,23,105,69,1.15962445126662,0.875,96,224,3.046258417221116
pixel_only_mean,family,clipping,0.8646647135416666,0.8569190011158666,0.7325581395348837,0.65625,0.6923076923076923,0.1796875,0.65625,63,23,105,33,4.5351627743991845,1.0,96,224,3.046258417221116
pixel_only_mean,family,dead lines/pixels,0.76220703125,0.81773990958921,0.7766990291262136,0.4166666666666667,0.5423728813559322,0.1796875,0.4166666666666667,80,23,105,112,2.6193189648461717,1.0,192,320,3.046258417221116
pixel_only_mean,family,foreign/synthetic contamination,0.9166666666666666,0.8927656520441551,0.7653061224489796,0.78125,0.7731958762886597,0.1796875,0.78125,75,23,105,21,3.9887638457505896,1.0,96,224,3.046258417221116
pixel_only_mean,family,missing crop,0.7465006510416666,0.660167101420129,0.5818181818181818,0.3333333333333333,0.423841059602649,0.1796875,0.3333333333333333,32,23,105,64,2.522902079648735,0.96875,96,224,3.046258417221116
pixel_only_mean,family,patch duplication,0.5589192708333334,0.49830123254516967,0.5306122448979592,0.2708333333333333,0.35862068965517235,0.1796875,0.2708333333333333,26,23,105,70,1.0387288877333278,0.6666666666666666,96,224,3.046258417221116
pixel_only_mean,family,stripes,0.8411051432291666,0.8704493409010534,0.8333333333333334,0.5989583333333334,0.696969696969697,0.1796875,0.5989583333333334,115,23,105,77,3.546974342987421,0.9947916666666666,192,320,3.046258417221116
pixel_only_mean,severity,0.2,0.6748268821022727,0.8423696248240274,0.8368794326241135,0.3352272727272727,0.4787018255578093,0.1796875,0.3352272727272727,118,23,105,234,1.8071532247293396,0.9488636363636364,352,480,3.046258417221116
pixel_only_mean,severity,0.5,0.7376819957386364,0.8833897092944046,0.8715083798882681,0.4431818181818182,0.5875706214689266,0.1796875,0.4431818181818182,156,23,105,196,2.541232574617161,0.9119318181818182,352,480,3.046258417221116
pixel_only_mean,severity,0.8,0.7870871803977273,0.9135612080609217,0.8968609865470852,0.5681818181818182,0.6956521739130436,0.1796875,0.5681818181818182,200,23,105,152,3.428488688875656,0.9261363636363636,352,480,3.046258417221116
DINO_only_mean,family,block corruption,0.7283935546875,0.7826558401670134,0.7586206896551724,0.5729166666666666,0.6528189910979227,0.2734375,0.5729166666666666,110,35,93,82,0.5542648907107726,0.75,192,320,0.27350429753012817
DINO_only_mean,family,blur/noise,0.9034830729166666,0.8591542315340575,0.7058823529411765,0.875,0.7813953488372093,0.2734375,0.875,84,35,93,12,1.8877445148561485,0.90625,96,224,0.27350429753012817
DINO_only_mean,family,clipping,0.8319498697916666,0.7725522857205601,0.6788990825688074,0.7708333333333334,0.7219512195121952,0.2734375,0.7708333333333334,74,35,93,22,1.2609377166510365,0.8020833333333334,96,224,0.27350429753012817
DINO_only_mean,family,dead lines/pixels,0.83837890625,0.864252245242668,0.8022598870056498,0.7395833333333334,0.7696476964769647,0.2734375,0.7395833333333334,142,35,93,50,1.3997971052733538,0.8177083333333334,192,320,0.27350429753012817
DINO_only_mean,family,foreign/synthetic contamination,0.842529296875,0.6972151576329885,0.7058823529411765,0.875,0.7813953488372093,0.2734375,0.875,84,35,93,12,0.827295819376188,0.8541666666666666,96,224,0.27350429753012817
DINO_only_mean,family,missing crop,0.7838541666666666,0.6493944561601571,0.65,0.6770833333333334,0.6632653061224489,0.2734375,0.6770833333333334,65,35,93,31,0.775980202110985,0.7395833333333334,96,224,0.27350429753012817
DINO_only_mean,family,patch duplication,0.71875,0.6460308539581712,0.6022727272727273,0.5520833333333334,0.5760869565217391,0.2734375,0.5520833333333334,53,35,93,43,0.5778374440084946,0.7083333333333334,96,224,0.27350429753012817
DINO_only_mean,family,stripes,0.9354654947916666,0.9204726970324185,0.8458149779735683,1.0,0.9164677804295943,0.2734375,1.0,192,35,93,0,1.5246472078302526,0.9583333333333334,192,320,0.27350429753012817
DINO_only_mean,severity,0.2,0.7790305397727273,0.8833788876593431,0.8694029850746269,0.6619318181818182,0.7516129032258064,0.2734375,0.6619318181818182,233,35,93,119,0.9415330106964162,0.7471590909090909,352,480,0.27350429753012817
DINO_only_mean,severity,0.5,0.8335404829545454,0.9161973247994802,0.8867313915857605,0.7784090909090909,0.8290468986384267,0.2734375,0.7784090909090909,274,35,93,78,1.2418518769406095,0.8323863636363636,352,480,0.27350429753012817
DINO_only_mean,severity,0.8,0.8651677911931818,0.9331922871147343,0.8945783132530121,0.84375,0.8684210526315789,0.2734375,0.84375,297,35,93,55,1.291897537221919,0.8920454545454546,352,480,0.27350429753012817
spectral_only_mean,family,block corruption,0.7650553385416666,0.8491148207750804,0.8738738738738738,0.5052083333333334,0.6402640264026402,0.109375,0.5052083333333334,97,14,114,95,2.469492088382812,1.0,192,320,2.4084435327258644
spectral_only_mean,family,blur/noise,0.82470703125,0.8173403985828861,0.8181818181818182,0.65625,0.7283236994219653,0.109375,0.65625,63,14,114,33,2.6337739602459562,0.9791666666666666,96,224,2.4084435327258644
spectral_only_mean,family,clipping,0.8907063802083334,0.8792590490069628,0.8205128205128205,0.6666666666666666,0.7356321839080459,0.109375,0.6666666666666666,64,14,114,32,4.235067177676144,1.0,96,224,2.4084435327258644
spectral_only_mean,family,dead lines/pixels,0.9938151041666666,0.9959525904072086,0.9313725490196079,0.9895833333333334,0.9595959595959597,0.109375,0.9895833333333334,190,14,114,2,7.9365200241168505,1.0,192,320,2.4084435327258644
spectral_only_mean,family,foreign/synthetic contamination,1.0,1.0,0.8727272727272727,1.0,0.9320388349514563,0.109375,1.0,96,14,114,0,14.943029334321734,1.0,96,224,2.4084435327258644
spectral_only_mean,family,missing crop,0.9049479166666666,0.8835066171015092,0.8390804597701149,0.7604166666666666,0.7978142076502732,0.109375,0.7604166666666666,73,14,114,23,3.5776505851379694,1.0,96,224,2.4084435327258644
spectral_only_mean,family,patch duplication,0.58203125,0.5503368582979703,0.5757575757575758,0.19791666666666666,0.29457364341085274,0.109375,0.19791666666666666,19,14,114,77,0.38239153025054096,0.9479166666666666,96,224,2.4084435327258644
spectral_only_mean,family,stripes,0.8877360026041666,0.8753748345481279,0.8823529411764706,0.546875,0.6752411575562701,0.109375,0.546875,105,14,114,87,2.5327943455449917,1.0,192,320,2.4084435327258644
spectral_only_mean,severity,0.2,0.8336292613636364,0.9357363875677924,0.9363636363636364,0.5852272727272727,0.7202797202797204,0.109375,0.5852272727272727,206,14,114,146,3.013895846350993,0.9943181818181818,352,480,2.4084435327258644
spectral_only_mean,severity,0.5,0.8816361860795454,0.9548833644334523,0.9508771929824561,0.7698863636363636,0.8508634222919937,0.109375,0.7698863636363636,271,14,114,81,3.4523193444746445,0.9971590909090909,352,480,2.4084435327258644
spectral_only_mean,severity,0.8,0.8744451349431818,0.9541515943287371,0.9426229508196722,0.6534090909090909,0.7718120805369127,0.109375,0.6534090909090909,230,14,114,122,4.62143216608559,0.9886363636363636,352,480,2.4084435327258644
DINO_spectral_mean,family,block corruption,0.8513590494791666,0.9061745712914309,0.825136612021858,0.7864583333333334,0.8053333333333333,0.25,0.7864583333333334,151,32,96,41,1.4176500988843168,0.9479166666666666,192,320,0.6124267766787462
DINO_spectral_mean,family,blur/noise,0.93359375,0.9261076269713268,0.7264957264957265,0.8854166666666666,0.7981220657276995,0.25,0.8854166666666666,85,32,96,11,2.3532106916129485,0.9895833333333334,96,224,0.6124267766787462
DINO_spectral_mean,family,clipping,0.9654134114583334,0.9590107709690734,0.746031746031746,0.9791666666666666,0.846846846846847,0.25,0.9791666666666666,94,32,96,2,2.5089150260358752,1.0,96,224,0.6124267766787462
DINO_spectral_mean,family,dead lines/pixels,0.9969075520833334,0.997977233196855,0.8571428571428571,1.0,0.923076923076923,0.25,1.0,192,32,96,0,4.474962247060653,1.0,192,320,0.6124267766787462
DINO_spectral_mean,family,foreign/synthetic contamination,1.0,1.0,0.75,1.0,0.8571428571428571,0.25,1.0,96,32,96,0,7.887840462014973,1.0,96,224,0.6124267766787462
DINO_spectral_mean,family,missing crop,0.9578450520833334,0.947181294249521,0.744,0.96875,0.8416289592760181,0.25,0.96875,93,32,96,3,2.161559216578305,0.9895833333333334,96,224,0.6124267766787462
DINO_spectral_mean,family,patch duplication,0.7323404947916666,0.680355105934141,0.6363636363636364,0.5833333333333334,0.6086956521739131,0.25,0.5833333333333334,56,32,96,40,0.7847068058728606,0.8854166666666666,96,224,0.6124267766787462
DINO_spectral_mean,family,stripes,0.9869791666666666,0.9903852810228354,0.8571428571428571,1.0,0.923076923076923,0.25,1.0,192,32,96,0,2.0732023304281326,1.0,192,320,0.6124267766787462
DINO_spectral_mean,severity,0.2,0.9058948863636364,0.9658630508028077,0.906158357771261,0.8778409090909091,0.8917748917748917,0.25,0.8778409090909091,309,32,96,43,1.9223165022229298,0.9602272727272727,352,480,0.6124267766787462
DINO_spectral_mean,severity,0.5,0.9447132457386364,0.9813016409449387,0.9101123595505618,0.9204545454545454,0.9152542372881356,0.25,0.9204545454545454,324,32,96,28,2.360602292434691,0.9829545454545454,352,480,0.6124267766787462
DINO_spectral_mean,severity,0.8,0.9474875710227273,0.9815067430049766,0.9106145251396648,0.9261363636363636,0.9183098591549295,0.25,0.9261363636363636,326,32,96,26,2.7312104731344657,0.9914772727272727,352,480,0.6124267766787462
DINO_spectral_max,family,block corruption,0.819091796875,0.8731047148092772,0.8620689655172413,0.5208333333333334,0.6493506493506493,0.125,0.5208333333333334,100,16,112,92,2.585438725022927,0.9375,192,320,2.4084435327258644
DINO_spectral_max,family,blur/noise,0.881103515625,0.848062563769626,0.8048780487804879,0.6875,0.7415730337078651,0.125,0.6875,66,16,112,30,2.670158806077346,0.9583333333333334,96,224,2.4084435327258644
DINO_spectral_max,family,clipping,0.9283854166666666,0.9117250125088803,0.8181818181818182,0.75,0.7826086956521738,0.125,0.75,72,16,112,24,4.235067177676144,0.9791666666666666,96,224,2.4084435327258644
DINO_spectral_max,family,dead lines/pixels,0.9932454427083334,0.995637725467423,0.9223300970873787,0.9895833333333334,0.9547738693467336,0.125,0.9895833333333334,190,16,112,2,7.9365200241168505,1.0,192,320,2.4084435327258644
DINO_spectral_max,family,foreign/synthetic contamination,1.0,1.0,0.8571428571428571,1.0,0.923076923076923,0.125,1.0,96,16,112,0,14.943029334321734,1.0,96,224,2.4084435327258644
DINO_spectral_max,family,missing crop,0.9147135416666666,0.8878597046545249,0.8202247191011236,0.7604166666666666,0.7891891891891892,0.125,0.7604166666666666,73,16,112,23,3.5776505851379694,1.0,96,224,2.4084435327258644
DINO_spectral_max,family,patch duplication,0.6991373697916666,0.622263305660194,0.6190476190476191,0.2708333333333333,0.37681159420289856,0.125,0.2708333333333333,26,16,112,70,1.496993952975445,0.90625,96,224,2.4084435327258644
DINO_spectral_max,family,stripes,0.8811848958333334,0.8705376093856408,0.8778625954198473,0.5989583333333334,0.7120743034055729,0.125,0.5989583333333334,115,16,112,77,2.5966673764466455,0.984375,192,320,2.4084435327258644
DINO_spectral_max,severity,0.2,0.8628373579545454,0.9440439433639624,0.9304347826086956,0.6079545454545454,0.7353951890034365,0.125,0.6079545454545454,214,16,112,138,3.041091496833788,0.9517045454545454,352,480,2.4084435327258644
DINO_spectral_max,severity,0.5,0.9040305397727273,0.9612535063414624,0.9457627118644067,0.7926136363636364,0.8624420401854713,0.125,0.7926136363636364,279,16,112,73,3.4731566425049207,0.9829545454545454,352,480,2.4084435327258644
DINO_spectral_max,severity,0.8,0.90869140625,0.9642344987416855,0.9386973180076629,0.6960227272727273,0.7993474714518759,0.125,0.6960227272727273,245,16,112,107,4.62143216608559,0.9801136363636364,352,480,2.4084435327258644
pixel_DINO_mean,family,block corruption,0.7110188802083334,0.7964365019088587,0.8863636363636364,0.40625,0.5571428571428573,0.078125,0.40625,78,10,118,114,1.0318521403999514,0.8541666666666666,192,320,1.3581656666324806
pixel_DINO_mean,family,blur/noise,0.78173828125,0.7690640997564974,0.8360655737704918,0.53125,0.6496815286624203,0.078125,0.53125,51,10,118,45,1.5718616176950382,0.90625,96,224,1.3581656666324806
pixel_DINO_mean,family,clipping,0.8994954427083334,0.8988229862590728,0.8765432098765432,0.7395833333333334,0.8022598870056498,0.078125,0.7395833333333334,71,10,118,25,2.501013883091489,1.0,96,224,1.3581656666324806
pixel_DINO_mean,family,dead lines/pixels,0.8680013020833334,0.9189809251663613,0.9290780141843972,0.6822916666666666,0.7867867867867868,0.078125,0.6822916666666666,131,10,118,61,2.005291418580308,0.96875,192,320,1.3581656666324806
pixel_DINO_mean,family,foreign/synthetic contamination,0.9691569010416666,0.9611883794391445,0.8947368421052632,0.8854166666666666,0.8900523560209423,0.078125,0.8854166666666666,85,10,118,11,2.5269726335850438,1.0,96,224,1.3581656666324806
pixel_DINO_mean,family,missing crop,0.8426920572916666,0.81443226773548,0.855072463768116,0.6145833333333334,0.7151515151515152,0.078125,0.6145833333333334,59,10,118,37,1.5583056400207027,0.9375,96,224,1.3581656666324806
pixel_DINO_mean,family,patch duplication,0.67236328125,0.6259015673274305,0.75,0.3125,0.4411764705882353,0.078125,0.3125,30,10,118,66,0.9047911752309556,0.7604166666666666,96,224,1.3581656666324806
pixel_DINO_mean,family,stripes,0.9557698567708334,0.9717319224697029,0.943502824858757,0.8697916666666666,0.9051490514905148,0.078125,0.8697916666666666,167,10,118,25,2.524843449830149,1.0,192,320,1.3581656666324806
pixel_DINO_mean,severity,0.2,0.783935546875,0.9101101791053972,0.9453551912568307,0.4914772727272727,0.6467289719626167,0.078125,0.4914772727272727,173,10,118,179,1.3441957621090193,0.8948863636363636,352,480,1.3581656666324806
pixel_DINO_mean,severity,0.5,0.8502086292613636,0.9436580422913755,0.9598393574297188,0.6789772727272727,0.7953410981697172,0.078125,0.6789772727272727,239,10,118,113,1.913854708563971,0.9346590909090909,352,480,1.3581656666324806
pixel_DINO_mean,severity,0.8,0.8844992897727273,0.9589462416266638,0.9629629629629629,0.7386363636363636,0.8360128617363345,0.078125,0.7386363636363636,260,10,118,92,2.3709388653668206,0.9659090909090909,352,480,1.3581656666324806
pixel_DINO_max,family,block corruption,0.6566975911458334,0.711426213438929,0.7195121951219512,0.3072916666666667,0.4306569343065693,0.1796875,0.3072916666666667,59,23,105,133,2.040233839594,0.7760416666666666,192,320,3.046258417221116
pixel_DINO_max,family,blur/noise,0.7244466145833334,0.5745465997664633,0.5490196078431373,0.2916666666666667,0.38095238095238093,0.1796875,0.2916666666666667,28,23,105,68,2.422998874539517,0.8541666666666666,96,224,3.046258417221116
pixel_DINO_max,family,clipping,0.8513997395833334,0.8493964880027517,0.7325581395348837,0.65625,0.6923076923076923,0.1796875,0.65625,63,23,105,33,4.5351627743991845,0.9479166666666666,96,224,3.046258417221116
pixel_DINO_max,family,dead lines/pixels,0.7613932291666666,0.816864195639768,0.7788461538461539,0.421875,0.5472972972972974,0.1796875,0.421875,81,23,105,111,2.7192050947683137,0.9114583333333334,192,320,3.046258417221116
pixel_DINO_max,family,foreign/synthetic contamination,0.9127604166666666,0.890079393821616,0.7653061224489796,0.78125,0.7731958762886597,0.1796875,0.78125,75,23,105,21,3.9887638457505896,0.9895833333333334,96,224,3.046258417221116
pixel_DINO_max,family,missing crop,0.7360026041666666,0.6536684389105932,0.5818181818181818,0.3333333333333333,0.423841059602649,0.1796875,0.3333333333333333,32,23,105,64,2.522902079648735,0.8854166666666666,96,224,3.046258417221116
pixel_DINO_max,family,patch duplication,0.6300455729166666,0.5314248372044329,0.5306122448979592,0.2708333333333333,0.35862068965517235,0.1796875,0.2708333333333333,26,23,105,70,1.7575989675305586,0.59375,96,224,3.046258417221116
pixel_DINO_max,family,stripes,0.8448893229166666,0.8719942367327042,0.8333333333333334,0.5989583333333334,0.696969696969697,0.1796875,0.5989583333333334,115,23,105,77,3.546974342987421,0.9895833333333334,192,320,3.046258417221116
pixel_DINO_max,severity,0.2,0.7007057883522727,0.8501202138120052,0.8380281690140845,0.3380681818181818,0.4817813765182186,0.1796875,0.3380681818181818,119,23,105,233,2.200075141043126,0.84375,352,480,3.046258417221116
pixel_DINO_max,severity,0.5,0.7670454545454546,0.8915797567081292,0.8729281767955801,0.44886363636363635,0.5928705440900562,0.1796875,0.44886363636363635,158,23,105,194,2.703314164203155,0.8806818181818182,352,480,3.046258417221116
pixel_DINO_max,severity,0.8,0.81787109375,0.922349355433062,0.8977777777777778,0.5738636363636364,0.7001733102253034,0.1796875,0.5738636363636364,202,23,105,150,3.428488688875656,0.9005681818181818,352,480,3.046258417221116
pixel_spectral_mean,family,block corruption,0.7135009765625,0.7972791197575804,0.8271604938271605,0.3489583333333333,0.4908424908424908,0.109375,0.3489583333333333,67,14,114,125,1.6725845166199216,0.984375,192,320,2.310135812328953
pixel_spectral_mean,family,blur/noise,0.76904296875,0.735744682527376,0.7741935483870968,0.5,0.6075949367088608,0.109375,0.5,48,14,114,48,2.3407823748416847,0.9791666666666666,96,224,2.310135812328953
pixel_spectral_mean,family,clipping,0.9264322916666666,0.9129973395140235,0.8494623655913979,0.8229166666666666,0.8359788359788359,0.109375,0.8229166666666666,79,14,114,17,3.914186779322022,1.0,96,224,2.310135812328953
pixel_spectral_mean,family,dead lines/pixels,0.9618733723958334,0.9762307896432624,0.9251336898395722,0.9010416666666666,0.9129287598944591,0.109375,0.9010416666666666,173,14,114,19,5.633396130504184,1.0,192,320,2.310135812328953
pixel_spectral_mean,family,foreign/synthetic contamination,1.0,1.0,0.8727272727272727,1.0,0.9320388349514563,0.109375,1.0,96,14,114,0,9.371061404168563,1.0,96,224,2.310135812328953
pixel_spectral_mean,family,missing crop,0.89013671875,0.836614221112415,0.8055555555555556,0.6041666666666666,0.6904761904761905,0.109375,0.6041666666666666,58,14,114,38,2.6865992572804127,1.0,96,224,2.310135812328953
pixel_spectral_mean,family,patch duplication,0.5853678385416666,0.5349899976389106,0.5,0.14583333333333334,0.22580645161290322,0.109375,0.14583333333333334,14,14,114,82,0.7564746844758323,0.8854166666666666,96,224,2.310135812328953
pixel_spectral_mean,family,stripes,0.8971354166666666,0.8882460974114335,0.9113924050632911,0.75,0.8228571428571428,0.109375,0.75,144,14,114,48,2.767048798837969,1.0,192,320,2.310135812328953
pixel_spectral_mean,severity,0.2,0.8030672940340909,0.9192550719384887,0.9278350515463918,0.5113636363636364,0.6593406593406593,0.109375,0.5113636363636364,180,14,114,172,2.4096855030698654,0.9886363636363636,352,480,2.310135812328953
pixel_spectral_mean,severity,0.5,0.8558016690340909,0.9430501934600175,0.9433198380566802,0.6619318181818182,0.7779632721202003,0.109375,0.6619318181818182,233,14,114,119,3.09061707900909,0.9886363636363636,352,480,2.310135812328953
pixel_spectral_mean,severity,0.8,0.8818581321022727,0.9554101000820615,0.95,0.7556818181818182,0.8417721518987342,0.109375,0.7556818181818182,266,14,114,86,3.483541859282796,0.9772727272727273,352,480,2.310135812328953
pixel_spectral_max,family,block corruption,0.753662109375,0.8286036772523167,0.7903225806451613,0.5104166666666666,0.6202531645569619,0.203125,0.5104166666666666,98,26,102,94,3.1747665518338035,0.9270833333333334,192,320,3.046258417221116
pixel_spectral_max,family,blur/noise,0.7998046875,0.782412820908055,0.6623376623376623,0.53125,0.5895953757225433,0.203125,0.53125,51,26,102,45,3.206271509593382,0.9479166666666666,96,224,3.046258417221116
pixel_spectral_max,family,clipping,0.9375,0.9377755500434745,0.7614678899082569,0.8645833333333334,0.8097560975609757,0.203125,0.8645833333333334,83,26,102,13,5.8162062914696735,1.0,96,224,3.046258417221116
pixel_spectral_max,family,dead lines/pixels,0.98583984375,0.9913702094085869,0.8773584905660378,0.96875,0.9207920792079208,0.203125,0.96875,186,26,102,6,7.9365200241168505,1.0,192,320,3.046258417221116
pixel_spectral_max,family,foreign/synthetic contamination,1.0,1.0,0.7868852459016393,1.0,0.8807339449541284,0.203125,1.0,96,26,102,0,14.943029334321734,1.0,96,224,3.046258417221116
pixel_spectral_max,family,missing crop,0.9073079427083334,0.8744587412849744,0.7425742574257426,0.78125,0.7614213197969543,0.203125,0.78125,75,26,102,21,3.854126453289834,1.0,96,224,3.046258417221116
pixel_spectral_max,family,patch duplication,0.6285807291666666,0.5767224061778965,0.5185185185185185,0.2916666666666667,0.37333333333333335,0.203125,0.2916666666666667,28,26,102,68,1.7268040390147354,0.78125,96,224,3.046258417221116
pixel_spectral_max,family,stripes,0.8797200520833334,0.8951260586817498,0.8375,0.6979166666666666,0.7613636363636364,0.203125,0.6979166666666666,134,26,102,58,3.6754310063256375,1.0,192,320,3.046258417221116
pixel_spectral_max,severity,0.2,0.8232421875,0.9297804147265454,0.8934426229508197,0.6193181818181818,0.7315436241610739,0.203125,0.6193181818181818,218,26,102,134,3.547370301122668,0.9659090909090909,352,480,3.046258417221116
pixel_spectral_max,severity,0.5,0.8689408735795454,0.9489181833591682,0.9044117647058824,0.6988636363636364,0.7884615384615384,0.203125,0.6988636363636364,246,26,102,106,3.985125954714302,0.9545454545454546,352,480,3.046258417221116
pixel_spectral_max,severity,0.8,0.9018998579545454,0.9650450667373911,0.9169329073482428,0.8153409090909091,0.863157894736842,0.203125,0.8153409090909091,287,26,102,65,5.050796681933704,0.9659090909090909,352,480,3.046258417221116
pixel_DINO_spectral_mean,family,block corruption,0.783203125,0.848035327253034,0.823076923076923,0.5572916666666666,0.6645962732919254,0.1796875,0.5572916666666666,107,23,105,85,1.293425926490067,0.9479166666666666,192,320,1.136783761392357
pixel_DINO_spectral_mean,family,blur/noise,0.8644205729166666,0.8560278411126683,0.7472527472527473,0.7083333333333334,0.7272727272727272,0.1796875,0.7083333333333334,68,23,105,28,2.055561098037257,0.9895833333333334,96,224,1.136783761392357
pixel_DINO_spectral_mean,family,clipping,0.9558919270833334,0.950789325271519,0.7927927927927928,0.9166666666666666,0.8502415458937198,0.1796875,0.9166666666666666,88,23,105,8,3.199841731692862,1.0,96,224,1.136783761392357
pixel_DINO_spectral_mean,family,dead lines/pixels,0.9732666015625,0.9838157465885382,0.8878048780487805,0.9479166666666666,0.9168765743073047,0.1796875,0.9479166666666666,182,23,105,10,4.060224051137887,1.0,192,320,1.136783761392357
pixel_DINO_spectral_mean,family,foreign/synthetic contamination,1.0,1.0,0.8067226890756303,1.0,0.8930232558139535,0.1796875,1.0,96,23,105,0,6.606751732700577,1.0,96,224,1.136783761392357
pixel_DINO_spectral_mean,family,missing crop,0.934814453125,0.9073153500728106,0.7909090909090909,0.90625,0.8446601941747572,0.1796875,0.90625,87,23,105,9,2.0851061056968954,0.9895833333333334,96,224,1.136783761392357
pixel_DINO_spectral_mean,family,patch duplication,0.6717122395833334,0.6062424806256277,0.5892857142857143,0.34375,0.4342105263157895,0.1796875,0.34375,33,23,105,63,0.66591703943613,0.8854166666666666,96,224,1.136783761392357
pixel_DINO_spectral_mean,family,stripes,0.9695231119791666,0.9751996553542928,0.8904761904761904,0.9739583333333334,0.9303482587064676,0.1796875,0.9739583333333334,187,23,105,5,2.4318396785035827,1.0,192,320,1.136783761392357
pixel_DINO_spectral_mean,severity,0.2,0.8582430752840909,0.9450175520845506,0.9175627240143369,0.7272727272727273,0.8114104595879557,0.1796875,0.7272727272727273,256,23,105,96,1.9751060205072757,0.9630681818181818,352,480,1.136783761392357
pixel_DINO_spectral_mean,severity,0.5,0.9088245738636364,0.9665910842981554,0.9265175718849841,0.8238636363636364,0.8721804511278195,0.1796875,0.8238636363636364,290,23,105,62,2.540563315778618,0.9772727272727273,352,480,1.136783761392357
pixel_DINO_spectral_mean,severity,0.8,0.9271573153409091,0.9744039316012023,0.9292307692307692,0.8579545454545454,0.8921713441654358,0.1796875,0.8579545454545454,302,23,105,50,2.768472224007069,0.9943181818181818,352,480,1.136783761392357
pixel_DINO_spectral_max,family,block corruption,0.7772623697916666,0.838140613207651,0.7936507936507936,0.5208333333333334,0.6289308176100629,0.203125,0.5208333333333334,100,26,102,92,3.1940537378438663,0.90625,192,320,3.046258417221116
pixel_DINO_spectral_max,family,blur/noise,0.8192545572916666,0.7907597370256612,0.6666666666666666,0.5416666666666666,0.5977011494252873,0.203125,0.5416666666666666,52,26,102,44,3.206271509593382,0.9375,96,224,3.046258417221116
pixel_DINO_spectral_max,family,clipping,0.9374186197916666,0.9372444199648603,0.7614678899082569,0.8645833333333334,0.8097560975609757,0.203125,0.8645833333333334,83,26,102,13,5.8162062914696735,0.9791666666666666,96,224,3.046258417221116
pixel_DINO_spectral_max,family,dead lines/pixels,0.9853108723958334,0.9911291084501638,0.8773584905660378,0.96875,0.9207920792079208,0.203125,0.96875,186,26,102,6,7.9365200241168505,1.0,192,320,3.046258417221116
pixel_DINO_spectral_max,family,foreign/synthetic contamination,1.0,1.0,0.7868852459016393,1.0,0.8807339449541284,0.203125,1.0,96,26,102,0,14.943029334321734,1.0,96,224,3.046258417221116
pixel_DINO_spectral_max,family,missing crop,0.903564453125,0.8718798762014333,0.7425742574257426,0.78125,0.7614213197969543,0.203125,0.78125,75,26,102,21,3.854126453289834,1.0,96,224,3.046258417221116
pixel_DINO_spectral_max,family,patch duplication,0.667724609375,0.5964095563022827,0.5185185185185185,0.2916666666666667,0.37333333333333335,0.203125,0.2916666666666667,28,26,102,68,2.327409040480755,0.7916666666666666,96,224,3.046258417221116
pixel_DINO_spectral_max,family,stripes,0.87646484375,0.8934933914094191,0.8375,0.6979166666666666,0.7613636363636364,0.203125,0.6979166666666666,134,26,102,58,3.6754310063256375,1.0,192,320,3.046258417221116
pixel_DINO_spectral_max,severity,0.2,0.8349831321022727,0.932833092101972,0.8938775510204081,0.6221590909090909,0.7336683417085427,0.203125,0.6221590909090909,219,26,102,133,3.547370301122668,0.9460227272727273,352,480,3.046258417221116
pixel_DINO_spectral_max,severity,0.5,0.8749112215909091,0.9504301608369212,0.9051094890510949,0.7045454545454546,0.7923322683706071,0.203125,0.7045454545454546,248,26,102,104,3.985125954714302,0.9545454545454546,352,480,3.046258417221116
pixel_DINO_spectral_max,severity,0.8,0.9099343039772727,0.9671143819269812,0.9169329073482428,0.8153409090909091,0.863157894736842,0.203125,0.8153409090909091,287,26,102,65,5.050796681933704,0.96875,352,480,3.046258417221116
equal_four_mean,family,block corruption,0.7522786458333334,0.8240156319501365,0.796875,0.53125,0.6375,0.203125,0.53125,102,26,102,90,1.0157778349483464,0.8854166666666666,192,320,0.9571491354436967
equal_four_mean,family,blur/noise,0.8326009114583334,0.8227305042012479,0.7204301075268817,0.6979166666666666,0.708994708994709,0.203125,0.6979166666666666,67,26,102,29,1.6086233730555737,0.9270833333333334,96,224,0.9571491354436967
equal_four_mean,family,clipping,0.93994140625,0.9355711081520542,0.7699115044247787,0.90625,0.832535885167464,0.203125,0.90625,87,26,102,9,2.5458659260148755,0.9895833333333334,96,224,0.9571491354436967
equal_four_mean,family,dead lines/pixels,0.9614664713541666,0.9771586726706799,0.8737864077669902,0.9375,0.9045226130653266,0.203125,0.9375,180,26,102,12,3.2096298243952406,1.0,192,320,0.9571491354436967
equal_four_mean,family,foreign/synthetic contamination,1.0,1.0,0.7868852459016393,1.0,0.8807339449541284,0.203125,1.0,96,26,102,0,4.864971068824526,1.0,96,224,0.9571491354436967
equal_four_mean,family,missing crop,0.895751953125,0.8639480562976477,0.7570093457943925,0.84375,0.7980295566502462,0.203125,0.84375,81,26,102,15,1.5803226573326121,0.9895833333333334,96,224,0.9571491354436967
equal_four_mean,family,patch duplication,0.64501953125,0.5713524081846127,0.5666666666666667,0.3541666666666667,0.4358974358974359,0.203125,0.3541666666666667,34,26,102,62,0.6305210671851613,0.7604166666666666,96,224,0.9571491354436967
equal_four_mean,family,stripes,0.9982096354166666,0.998799257418024,0.8807339449541285,1.0,0.9365853658536586,0.203125,1.0,192,26,102,0,2.6030895357473947,1.0,192,320,0.9571491354436967
equal_four_mean,severity,0.2,0.8484774502840909,0.9440084565800059,0.9078014184397163,0.7272727272727273,0.807570977917981,0.203125,0.7272727272727273,256,26,102,96,1.9556021658371396,0.9261363636363636,352,480,0.9571491354436967
equal_four_mean,severity,0.5,0.8919788707386364,0.9607403113297004,0.9161290322580645,0.8068181818181818,0.8580060422960725,0.203125,0.8068181818181818,284,26,102,68,2.3944885160680087,0.9545454545454546,352,480,0.9571491354436967
equal_four_mean,severity,0.8,0.9151500355113636,0.9705235749989719,0.92,0.8494318181818182,0.8833087149187593,0.203125,0.8494318181818182,299,26,102,53,2.5397597857055576,0.9659090909090909,352,480,0.9571491354436967
equal_four_max,family,block corruption,0.7662353515625,0.8330972909727299,0.7936507936507936,0.5208333333333334,0.6289308176100629,0.203125,0.5208333333333334,100,26,102,92,3.1940537378438663,0.84375,192,320,3.046258417221116
equal_four_max,family,blur/noise,0.8089192708333334,0.783994586521363,0.6666666666666666,0.5416666666666666,0.5977011494252873,0.203125,0.5416666666666666,52,26,102,44,3.206271509593382,0.9270833333333334,96,224,3.046258417221116
equal_four_max,family,clipping,0.9322102864583334,0.9342552023694313,0.7614678899082569,0.8645833333333334,0.8097560975609757,0.203125,0.8645833333333334,83,26,102,13,5.8162062914696735,0.96875,96,224,3.046258417221116
equal_four_max,family,dead lines/pixels,0.9847005208333334,0.9908545503738925,0.8773584905660378,0.96875,0.9207920792079208,0.203125,0.96875,186,26,102,6,7.9365200241168505,1.0,192,320,3.046258417221116
equal_four_max,family,foreign/synthetic contamination,1.0,1.0,0.7868852459016393,1.0,0.8807339449541284,0.203125,1.0,96,26,102,0,14.943029334321734,1.0,96,224,3.046258417221116
equal_four_max,family,missing crop,0.8994954427083334,0.8693088336241406,0.7425742574257426,0.78125,0.7614213197969543,0.203125,0.78125,75,26,102,21,3.854126453289834,1.0,96,224,3.046258417221116
equal_four_max,family,patch duplication,0.6465657552083334,0.5852159799033577,0.5185185185185185,0.2916666666666667,0.37333333333333335,0.203125,0.2916666666666667,28,26,102,68,2.362987014017377,0.6875,96,224,3.046258417221116
equal_four_max,family,stripes,0.9496663411458334,0.957203178772775,0.8779342723004695,0.9739583333333334,0.9234567901234567,0.203125,0.9739583333333334,187,26,102,5,4.061620554802031,1.0,192,320,3.046258417221116
equal_four_max,severity,0.2,0.8544256036931818,0.9446259179520439,0.9074733096085409,0.7244318181818182,0.8056872037914692,0.203125,0.7244318181818182,255,26,102,97,3.9363079772753347,0.9176136363636364,352,480,3.046258417221116
equal_four_max,severity,0.5,0.8808815696022727,0.9543550748363047,0.9097222222222222,0.7443181818181818,0.81875,0.203125,0.7443181818181818,262,26,102,90,4.137908503930667,0.9375,352,480,3.046258417221116
equal_four_max,severity,0.8,0.906982421875,0.9666439007324948,0.9177215189873418,0.8238636363636364,0.8682634730538923,0.203125,0.8238636363636364,290,26,102,62,5.050796681933704,0.9460227272727273,352,480,3.046258417221116
