path,status,error,format,width,height,mode,channels,frames,label,class_name,original_split,base_id,augmentations,sha256,pixel_sha256,phash,mean,std,group_id,flags,class_id,source_id,supplied_splits,supplied_row_count,supplied_split_row_counts,assigned_split,split_group_id,is_original,origin,is_anomaly,image_path,diffusion,semantic,spectral,latent
map-proj-v3_2/PSP_004118_1355_RED-0314.jpg,ok,,JPEG,227.0,227.0,L,1.0,1.0,normal,other,train,psp_004118_1355_red-0314,[],2ec48583ccbfe9deabd02c22e8d0bddd44b81e29f9ab6497fa4f640500b0ad71,e735f86295be925d92bd85a84d7e90269e44037e2cce31115fa119e38425b593,aa6dd5299e32c92a,170.6289274001048,21.379179922934547,b747b3e5caa2d51d,[],0.0,psp_004118_1355,['train'],1.0,Counter({'train': 1}),val,bf60e4f40d8034ef,True,hirise_clean,0,C:\Users\deves\OneDrive\Desktop\Projects\TCMD-SS\data\raw\hirise_v3_2\map-proj-v3_2\PSP_004118_1355_RED-0314.jpg,0.5094565749168396,0.5094886422157288,2.444096088409424,5.305086634558403
map-proj-v3_2/ESP_026472_1410_RED-0248.jpg,ok,,JPEG,227.0,227.0,L,1.0,1.0,normal,crater,train,esp_026472_1410_red-0248,[],92d3d18c4279727cef48ac39691c959e298b4bbcd8e50f417ee45800130a377f,b1c7f2faf2faafc672fc5021665c7bd045ce441f472cff3fb99273a8de292459,db776c5c11260cd9,94.59139513671911,21.93696713260774,c4117f62db69b227,[],1.0,esp_026472_1410,['train'],1.0,Counter({'train': 1}),val,59d2c6861deea26d,True,hirise_clean,0,C:\Users\deves\OneDrive\Desktop\Projects\TCMD-SS\data\raw\hirise_v3_2\map-proj-v3_2\ESP_026472_1410_RED-0248.jpg,0.3363555073738098,0.45102816820144653,4.861566066741943,5.141203377582569
map-proj-v3_2/ESP_033955_2065_RED-0024.jpg,ok,,JPEG,227.0,227.0,L,1.0,1.0,normal,dark dune,train,esp_033955_2065_red-0024,[],3f8fb911df15e2f638d5d1e38a21125047875767b723679f6bbb899cf4416c16,53c69a532052ceb7a5d7d3953a66ca49ed91fb139c600f5f9bff043ef3790021,c17c3e64e1ca9a96,51.20378815812455,32.59124771639787,6b0f19f17a1951e2,[],2.0,esp_033955_2065,['train'],1.0,Counter({'train': 1}),val,ff393e6c547ee767,True,hirise_clean,0,C:\Users\deves\OneDrive\Desktop\Projects\TCMD-SS\data\raw\hirise_v3_2\map-proj-v3_2\ESP_033955_2065_RED-0024.jpg,0.5053633451461792,0.5272828936576843,6.227910041809082,4.416566367876809
map-proj-v3_2/ESP_016570_2050_RED-0120.jpg,ok,,JPEG,227.0,227.0,L,1.0,1.0,normal,slope streak,val,esp_016570_2050_red-0120,[],cd33992c26e32d346df9ca89252df2c075925bd1ced314a32b4a5ce49065d61c,f3ba2e1499bb8a1b2604073f8e7ed659953e381822543c5dbf1440a269e673f8,8327994d69996e66,194.11121892526532,16.657932883349982,ed956c4d83df1528,[],3.0,esp_016570_2050,['val'],1.0,Counter({'val': 1}),val,f68d9819a0753d5f,True,hirise_clean,0,C:\Users\deves\OneDrive\Desktop\Projects\TCMD-SS\data\raw\hirise_v3_2\map-proj-v3_2\ESP_016570_2050_RED-0120.jpg,0.6357457041740417,0.45097675919532776,1.258272409439087,5.185866353654235
map-proj-v3_2/ESP_016631_2535_RED-0147.jpg,ok,,JPEG,227.0,227.0,L,1.0,1.0,normal,bright dune,train,esp_016631_2535_red-0147,[],902f44832a58c9869389c89fd3b2e6ab0a738b7a2fe2608022165e9c01f25fd2,9533138e827168ba06f6f85cdd528efb230c97567174699b90246a9466c48849,e64b9bd84c72139c,154.86170894059657,17.317835927336027,95836f63d4616171,[],4.0,esp_016631_2535,['train'],1.0,Counter({'train': 1}),val,501845ae468bdee7,True,hirise_clean,0,C:\Users\deves\OneDrive\Desktop\Projects\TCMD-SS\data\raw\hirise_v3_2\map-proj-v3_2\ESP_016631_2535_RED-0147.jpg,0.3965608775615692,0.4488351047039032,3.6166794300079346,5.886850793430856
map-proj-v3_2/ESP_015897_2655_RED-0044.jpg,ok,,JPEG,227.0,227.0,L,1.0,1.0,normal,impact ejecta,val,esp_015897_2655_red-0044,[],85d860dd3a32be66e308b99b5f3860d39f2b7d5f519f2beca29db95998796436,2dff7735dcc6ab243f643ed2be62a83a9731c2c6eabd42552bd7d1dc71c46800,fee0994f601ec92c,147.20440916765315,13.895095748191425,f2be44a01e24a9cb,[],5.0,esp_015897_2655,['val'],2.0,Counter({'val': 2}),val,edbfc807a0aec8f6,True,hirise_clean,0,C:\Users\deves\OneDrive\Desktop\Projects\TCMD-SS\data\raw\hirise_v3_2\map-proj-v3_2\ESP_015897_2655_RED-0044.jpg,0.36248597502708435,0.40357211232185364,0.9997918009757996,5.695767128284006
map-proj-v3_2/PSP_004673_0935_RED-0083.jpg,ok,,JPEG,227.0,227.0,L,1.0,1.0,normal,swiss cheese,test,psp_004673_0935_red-0083,[],afdc051e0733e72baa12c4aca7897cd0784a7f71df8fe07d5549435877f265ef,73293f2c9f7b84fe00178bd1b65bdf901233186be52bdb07df17ed220cf8dc97,80c9759f079348fe,102.1746201168274,63.64580659406584,8ac56aa2b336c8c6,[],6.0,psp_004673_0935,['test'],1.0,Counter({'test': 1}),val,edbfc807a0aec8f6,True,hirise_clean,0,C:\Users\deves\OneDrive\Desktop\Projects\TCMD-SS\data\raw\hirise_v3_2\map-proj-v3_2\PSP_004673_0935_RED-0083.jpg,0.5924494862556458,0.3594264090061188,9.906102180480957,4.976420576190064
map-proj-v3_2/ESP_015897_2655_RED-0038.jpg,ok,,JPEG,227.0,227.0,L,1.0,1.0,normal,spider,val,esp_015897_2655_red-0038,[],bb6aa7c6bfe721f639dc3f8ebe11a8f8d7ede47207864b0e176598b06db3787a,2737b960fbe0b7df742e7880d863aa1a7493ae1b667f5a856a22f454d648579d,e762a3a55323b171,48.97876923674048,32.06531726462602,4986919e18312914,[],7.0,esp_015897_2655,['val'],2.0,Counter({'val': 2}),val,edbfc807a0aec8f6,True,hirise_clean,0,C:\Users\deves\OneDrive\Desktop\Projects\TCMD-SS\data\raw\hirise_v3_2\map-proj-v3_2\ESP_015897_2655_RED-0038.jpg,0.3881590962409973,0.4076099693775177,2.1362996101379395,4.688960848650679
map-proj-v3_2/PSP_006879_2335_RED-0686.jpg,ok,,JPEG,227.0,227.0,L,1.0,1.0,normal,other,train,psp_006879_2335_red-0686,[],17b25435eb7b02ef67c0c769c0de6a1280ec5bde4de4a106e5b0aba35caba6af,8dbada21b8fffd063c4e42d2b3131dcf1df859be9c200c77e33dafb0a8b409e1,a982ef755032fc0b,131.48902559723652,14.969643993780693,30fbc09c49793857,[],0.0,psp_006879_2335,['train'],1.0,Counter({'train': 1}),val,59d2c6861deea26d,True,hirise_clean,0,C:\Users\deves\OneDrive\Desktop\Projects\TCMD-SS\data\raw\hirise_v3_2\map-proj-v3_2\PSP_006879_2335_RED-0686.jpg,0.32277122139930725,0.39064621925354004,1.6682595014572144,6.630931869262118
map-proj-v3_2/ESP_039350_1915_RED-0049.jpg,ok,,JPEG,227.0,227.0,L,1.0,1.0,normal,crater,train,esp_039350_1915_red-0049,[],7db637bd61d83751fe989357686e8f04dde26f26cee3c15ba1ac97daf7ac4027,0bca2768ceb7aa293050941df91ff308738fa62f75605fdb813f70daf7244a8b,e926968399bc6633,138.70752391857013,21.52422055146912,d52206038ad6c2d9,[],1.0,esp_039350_1915,['train'],2.0,Counter({'train': 2}),val,57c12beb5e3347f5,True,hirise_clean,0,C:\Users\deves\OneDrive\Desktop\Projects\TCMD-SS\data\raw\hirise_v3_2\map-proj-v3_2\ESP_039350_1915_RED-0049.jpg,0.3294648826122284,0.34114134311676025,6.777595043182373,4.740900135283485
map-proj-v3_2/ESP_033955_2065_RED-0042.jpg,ok,,JPEG,227.0,227.0,L,1.0,1.0,normal,dark dune,train,esp_033955_2065_red-0042,[],5741fd6043d6e722fe82137281cb55d93689b7d1ac5c3be2274eb4008d5521a6,77bdc3cfb92a8fb05b76960249a8e298eceb5dc85f52e955ed10c073fc603760,e4c019121f7e1e7e,38.454831260067145,19.84520483876217,96778bdda67cfd28,[],2.0,esp_033955_2065,['train'],1.0,Counter({'train': 1}),val,ff393e6c547ee767,True,hirise_clean,0,C:\Users\deves\OneDrive\Desktop\Projects\TCMD-SS\data\raw\hirise_v3_2\map-proj-v3_2\ESP_033955_2065_RED-0042.jpg,0.39244094491004944,0.47896715998649597,1.0382184982299805,4.684901038523837
map-proj-v3_2/ESP_012700_2025_RED-0080.jpg,ok,,JPEG,227.0,227.0,L,1.0,1.0,normal,slope streak,train,esp_012700_2025_red-0080,[],33572f7ad055ee00c1e3ea92767e854d1f7e6a4fd3fb72f6d150805ab32c7d3b,bac46bef3d4eccf62ffa842751a61894fd5294058b89731160feed875cdd1d6b,a2bdcc47399a6433,109.45419084399076,17.876559771555318,ceda6e04a667280f,[],3.0,esp_012700_2025,['train'],1.0,Counter({'train': 1}),val,43c5a364fd2e03af,True,hirise_clean,0,C:\Users\deves\OneDrive\Desktop\Projects\TCMD-SS\data\raw\hirise_v3_2\map-proj-v3_2\ESP_012700_2025_RED-0080.jpg,0.2575047016143799,0.43467727303504944,1.0013715028762817,4.096727125155499
map-proj-v3_2/ESP_016683_2535_RED-0074.jpg,ok,,JPEG,227.0,227.0,L,1.0,1.0,normal,bright dune,train,esp_016683_2535_red-0074,[],bb66208447fc882af61e5889d74f6694ea662d6c475808d9e73ca88735eac40a,93a44d4090ed0be77640d973db1c1e800e41ea20ee8286925886168fa6e221a1,e465939d4c9b3364,187.07063983388,15.835327900457468,389de1aabadd6f15,[],4.0,esp_016683_2535,['train'],1.0,Counter({'train': 1}),val,501845ae468bdee7,True,hirise_clean,0,C:\Users\deves\OneDrive\Desktop\Projects\TCMD-SS\data\raw\hirise_v3_2\map-proj-v3_2\ESP_016683_2535_RED-0074.jpg,0.5528363585472107,0.5356574058532715,4.119825839996338,5.289771738800538
map-proj-v3_2/ESP_046549_1790_RED-0052.jpg,ok,,JPEG,227.0,227.0,L,1.0,1.0,normal,impact ejecta,train,esp_046549_1790_red-0052,[],c25f60dfb7e389b1eb00cd58a0bebecbebc61a33e92edb8d2385593a95bbb74d,06eada0931c59f02b5e549aa490bc56ed79a1360d874d5886737858eee43637a,a36c9a336136966d,133.4811465388422,21.563427989312903,92a28e8c24a6fd8d,[],5.0,esp_046549_1790,['train'],2.0,Counter({'train': 2}),val,1a05a783ca59cf66,True,hirise_clean,0,C:\Users\deves\OneDrive\Desktop\Projects\TCMD-SS\data\raw\hirise_v3_2\map-proj-v3_2\ESP_046549_1790_RED-0052.jpg,0.34589070081710815,0.5478242635726929,8.24631118774414,7.962515603667442
map-proj-v3_2/ESP_012373_0930_RED-0050.jpg,ok,,JPEG,227.0,227.0,L,1.0,1.0,normal,swiss cheese,train,esp_012373_0930_red-0050,[],a749c16597e29efee9eb9f23b649c39577414ed0772d9d7d52ea008eb8be8fb8,e06a75d1d81b52a2cd04206e7a49cb76f002e9e1dcdefa48116b946f6f759ca9,8cf31f8378df018c,90.77432125599177,35.85573120741135,732e8f6b138b22d8,['group_label_conflict'],6.0,esp_012373_0930,['train'],2.0,Counter({'train': 2}),val,edbfc807a0aec8f6,True,hirise_clean,0,C:\Users\deves\OneDrive\Desktop\Projects\TCMD-SS\data\raw\hirise_v3_2\map-proj-v3_2\ESP_012373_0930_RED-0050.jpg,0.5009968876838684,0.36628997325897217,6.227323532104492,4.2163681248099945
map-proj-v3_2/ESP_015897_2655_RED-0021.jpg,ok,,JPEG,227.0,227.0,L,1.0,1.0,normal,spider,val,esp_015897_2655_red-0021,[],276b6d1bb59bf52b795c4d62b9979b040920f6687acf94eec276019be49883db,7972791830ca22ba6f97d0b25b0e200c3c62f4b577735ed8df3704e4314f5d4b,a2f7dc40761f08e6,116.90323895282268,12.312342319715988,2df47665615fdd6e,[],7.0,esp_015897_2655,['val'],2.0,Counter({'val': 2}),val,edbfc807a0aec8f6,True,hirise_clean,0,C:\Users\deves\OneDrive\Desktop\Projects\TCMD-SS\data\raw\hirise_v3_2\map-proj-v3_2\ESP_015897_2655_RED-0021.jpg,0.25552046298980713,0.4489583373069763,0.9857074618339539,5.56504465274054
map-proj-v3_2/ESP_026472_1410_RED-0277.jpg,ok,,JPEG,227.0,227.0,L,1.0,1.0,normal,other,train,esp_026472_1410_red-0277,[],996a75db68d26c8942facde5e7e6ea5f7ec23ba65459ad7d268ca8cb0ef6465c,c81b9738ea193b3054970f6458a5709f7391a3d1b5589b51331af33999266794,ffe3c48c5185a346,83.63009179297094,16.094076954013964,ebefc43475f021d3,[],0.0,esp_026472_1410,['train'],1.0,Counter({'train': 1}),val,59d2c6861deea26d,True,hirise_clean,0,C:\Users\deves\OneDrive\Desktop\Projects\TCMD-SS\data\raw\hirise_v3_2\map-proj-v3_2\ESP_026472_1410_RED-0277.jpg,0.2327936291694641,0.3850257694721222,3.785400867462158,4.606607210353795
map-proj-v3_2/ESP_026472_1410_RED-0147.jpg,ok,,JPEG,227.0,227.0,L,1.0,1.0,normal,crater,train,esp_026472_1410_red-0147,[],4d112d16ac265ee871c91578ebc508fd0059e0fc6f3b60992a95e7299093eb6e,18efd7936a55c71dc9c52d8e5d820c0dc67b55f8ed8278925934207ed0c8de4f,94ec31eb562cd991,57.29253430107318,20.69639547209091,84e82a6fdd3c467d,[],1.0,esp_026472_1410,['train'],1.0,Counter({'train': 1}),val,59d2c6861deea26d,True,hirise_clean,0,C:\Users\deves\OneDrive\Desktop\Projects\TCMD-SS\data\raw\hirise_v3_2\map-proj-v3_2\ESP_026472_1410_RED-0147.jpg,0.4348756670951843,0.4131600558757782,6.091736316680908,4.820148691519919
map-proj-v3_2/ESP_033955_2065_RED-0034.jpg,ok,,JPEG,227.0,227.0,L,1.0,1.0,normal,dark dune,train,esp_033955_2065_red-0034,[],e7661ef6d5cbd2535973cb2128f9a23a19d07d7c0cceebbc81c696aa40d00795,fdf0b491be46a6a4032d9e087df1d55691b8b04b57bea0cea56e53a61b72e6e3,9a72445dd193d574,52.35702225931029,14.523488736424628,3becaf1fe9b908c2,[],2.0,esp_033955_2065,['train'],1.0,Counter({'train': 1}),val,ff393e6c547ee767,True,hirise_clean,0,C:\Users\deves\OneDrive\Desktop\Projects\TCMD-SS\data\raw\hirise_v3_2\map-proj-v3_2\ESP_033955_2065_RED-0034.jpg,0.3476600646972656,0.5327423214912415,0.9626020193099976,5.440163953345888
map-proj-v3_2/ESP_034268_1795_RED-0397.jpg,ok,,JPEG,227.0,227.0,L,1.0,1.0,normal,slope streak,val,esp_034268_1795_red-0397,[],ce7a0b3deb7df6694709c968821d5217c6f62154fb598d452bed68a4186c413a,f02360a2dbd7a0b755a3e7a23d6d7a9f23847fec4cdb6decdc685e4a976c4015,aa051f78373c191f,157.6036406683615,15.942734781439896,15421fd7de28a41b,[],3.0,esp_034268_1795,['val'],1.0,Counter({'val': 1}),val,3d3af0ffc91f037f,True,hirise_clean,0,C:\Users\deves\OneDrive\Desktop\Projects\TCMD-SS\data\raw\hirise_v3_2\map-proj-v3_2\ESP_034268_1795_RED-0397.jpg,0.45454561710357666,0.47423869371414185,0.7947897911071777,5.926939212566458
map-proj-v3_2/ESP_016631_2535_RED-0124.jpg,ok,,JPEG,227.0,227.0,L,1.0,1.0,normal,bright dune,train,esp_016631_2535_red-0124,[],d810f9ad00e39f9a4a023d1c3c51a54c9ce321e624390bf2db1b591be6639482,bf4e185b11840b7d558e4b2245aa0f9388c477c687a31bcf004efd6c536a17d6,a4aee6af1011cbce,152.60398998622136,17.94796538501448,bd42492c49c48fa9,[],4.0,esp_016631_2535,['train'],1.0,Counter({'train': 1}),val,501845ae468bdee7,True,hirise_clean,0,C:\Users\deves\OneDrive\Desktop\Projects\TCMD-SS\data\raw\hirise_v3_2\map-proj-v3_2\ESP_016631_2535_RED-0124.jpg,0.419729083776474,0.44222861528396606,4.482406139373779,4.8492602775500355
map-proj-v3_2/ESP_019011_2245_RED-0552.jpg,ok,,JPEG,227.0,227.0,L,1.0,1.0,normal,impact ejecta,train,esp_019011_2245_red-0552,[],f6dab1bad5f9d5ecbcaa3118f1b44e149300d16bf3d4c16bc2a2b0b19d9a26c4,c2885fb2c583a6508d5b8092422f46b3c132b651c42f7ae8d66cf772f4cd4379,a773cc8c7133469c,133.9782646664985,21.512561576524927,98e70a4213c0ab03,[],5.0,esp_019011_2245,['train'],1.0,Counter({'train': 1}),val,68f7375f9d5f9c50,True,hirise_clean,0,C:\Users\deves\OneDrive\Desktop\Projects\TCMD-SS\data\raw\hirise_v3_2\map-proj-v3_2\ESP_019011_2245_RED-0552.jpg,0.34176716208457947,0.46994519233703613,2.864549398422241,5.426095888610496
map-proj-v3_2/PSP_004673_0935_RED-0114.jpg,ok,,JPEG,227.0,227.0,L,1.0,1.0,normal,swiss cheese,test,psp_004673_0935_red-0114,[],d015c923f5376f08eb6a1c6ea8d9e98d804fab81603276a93c33b48a5cfcb065,e4b61e7dbe1d9e99771519551d4df0b2755ae5a725d6ad310b55417c1a43627d,81ff02fc0fe0bf20,134.33006656445886,29.83884348179255,7af564caf0109b5b,[],6.0,psp_004673_0935,['test'],1.0,Counter({'test': 1}),val,edbfc807a0aec8f6,True,hirise_clean,0,C:\Users\deves\OneDrive\Desktop\Projects\TCMD-SS\data\raw\hirise_v3_2\map-proj-v3_2\PSP_004673_0935_RED-0114.jpg,0.5441955924034119,0.38596609234809875,8.233616828918457,4.8340319574543
map-proj-v3_2/ESP_015897_2655_RED-0042.jpg,ok,,JPEG,227.0,227.0,L,1.0,1.0,normal,spider,val,esp_015897_2655_red-0042,[],e826940b6b9fe377968b75144c323006c6b45d2d1ef97ba9984c511c35b4a888,2eff445c2f4dbcfab71789920940490198dce021b002d87f4d588b76a3fb181d,f2dac82633bd8ca4,145.84253527140058,14.495862523401362,4dfc3ec4a5265a83,[],7.0,esp_015897_2655,['val'],2.0,Counter({'val': 2}),val,edbfc807a0aec8f6,True,hirise_clean,0,C:\Users\deves\OneDrive\Desktop\Projects\TCMD-SS\data\raw\hirise_v3_2\map-proj-v3_2\ESP_015897_2655_RED-0042.jpg,0.31660911440849304,0.4268834888935089,1.0425925254821777,5.76350670773132
map-proj-v3_2/PSP_005150_1490_RED-0178.jpg,ok,,JPEG,227.0,227.0,L,1.0,1.0,normal,other,train,psp_005150_1490_red-0178,[],b72f80ee735c434d1bf44be95b4a2e588580a566bdd7308c344ed3cf9a8792bb,f857cc0c2c910fb08306c110f1bc54c3e45ae9ed1c649f54802910b7887c7a46,edbd1896130ae8cd,61.34229268955345,21.820307186030835,07760359d027d53d,[],0.0,psp_005150_1490,['train'],1.0,Counter({'train': 1}),val,6361ea5a02addb2a,True,hirise_clean,0,C:\Users\deves\OneDrive\Desktop\Projects\TCMD-SS\data\raw\hirise_v3_2\map-proj-v3_2\PSP_005150_1490_RED-0178.jpg,0.3238924443721771,0.5243951082229614,4.031219005584717,5.846102260060944
map-proj-v3_2/ESP_011623_2100_RED-0253.jpg,ok,,JPEG,227.0,227.0,L,1.0,1.0,normal,crater,train,esp_011623_2100_red-0253,[],2bced3987b5b24c2b51fc70308b75887e1b3a59099578e05c1beb3b63fc714dc,39f9f9c105ff011e3310b9a6dd6a3679de8d586fae5ac3e5e837c2d03ad7f04e,ca702453bb3753a9,103.52386035048224,18.12635721533754,cc86e7f243f5faf5,[],1.0,esp_011623_2100,['train'],1.0,Counter({'train': 1}),val,eb8c04e9d753e391,True,hirise_clean,0,C:\Users\deves\OneDrive\Desktop\Projects\TCMD-SS\data\raw\hirise_v3_2\map-proj-v3_2\ESP_011623_2100_RED-0253.jpg,0.24271699786186218,0.40994909405708313,4.328164577484131,5.354591043448945
map-proj-v3_2/ESP_033955_2065_RED-0030.jpg,ok,,JPEG,227.0,227.0,L,1.0,1.0,normal,dark dune,train,esp_033955_2065_red-0030,[],5880e2b6d734de5aa27c61821e1a64add96a2f023ef04fcf1b3bbd9e8f47b93f,f6df2f829dc6e12b4e180d45ec5980d8d64752f12688891e7681017142a856f0,f4c281c7cfd99286,37.33348211686623,32.9154680875207,dd7275e6550a4bac,[],2.0,esp_033955_2065,['train'],1.0,Counter({'train': 1}),val,ff393e6c547ee767,True,hirise_clean,0,C:\Users\deves\OneDrive\Desktop\Projects\TCMD-SS\data\raw\hirise_v3_2\map-proj-v3_2\ESP_033955_2065_RED-0030.jpg,0.3947333097457886,0.4251467287540436,1.1556462049484253,4.753871589698027
map-proj-v3_2/ESP_020421_1810_RED-0014.jpg,ok,,JPEG,227.0,227.0,L,1.0,1.0,normal,slope streak,test,esp_020421_1810_red-0014,[],4b67062dca96f53dff8514a3e885397dcf1e1991eb016722c3e302afa1ec2f24,f0d086e61f9816c36079661d3b831a3156fcc57ac8580a0ef6eb0d86f2550437,cedfb1040e5e124f,190.26513225562303,14.389171605320154,4f286a20f238adba,[],3.0,esp_020421_1810,['test'],1.0,Counter({'test': 1}),val,4976a8ffc9a34a67,True,hirise_clean,0,C:\Users\deves\OneDrive\Desktop\Projects\TCMD-SS\data\raw\hirise_v3_2\map-proj-v3_2\ESP_020421_1810_RED-0014.jpg,0.5772413611412048,0.38862138986587524,1.9839770793914795,3.647740711386573
map-proj-v3_2/ESP_016631_2535_RED-0019.jpg,ok,,JPEG,227.0,227.0,L,1.0,1.0,normal,bright dune,train,esp_016631_2535_red-0019,[],b015ac9c8acb832797a1b6c2f4f257143f580cf4a23897547f3b7462a8bfbe0f,1e87ac1e6d0acfdb11eb6209e89fa1b0fed095ee2ff0dec620861f16f839ab7a,8ce2930dcc7f3398,138.5056181955792,16.764264146657364,024711e8d71878bc,[],4.0,esp_016631_2535,['train'],1.0,Counter({'train': 1}),val,501845ae468bdee7,True,hirise_clean,0,C:\Users\deves\OneDrive\Desktop\Projects\TCMD-SS\data\raw\hirise_v3_2\map-proj-v3_2\ESP_016631_2535_RED-0019.jpg,0.3333873152732849,0.4954697787761688,4.5087199211120605,5.0484642784054214
map-proj-v3_2/ESP_015897_2655_RED-0060.jpg,ok,,JPEG,227.0,227.0,L,1.0,1.0,normal,impact ejecta,val,esp_015897_2655_red-0060,[],7cbf88326fe05cf2cb908009abb884ece8b08a5660ecde3d8b6a6d0e89ea6c85,89e55c03b5bb4cd5718c584c4ae5e73e2d091ebe5bd293e6eaf83f0511a754bd,c546aeb576329951,117.05268877719342,64.08392740458098,1c3bc8c64f3522c8,[],5.0,esp_015897_2655,['val'],2.0,Counter({'val': 2}),val,edbfc807a0aec8f6,True,hirise_clean,0,C:\Users\deves\OneDrive\Desktop\Projects\TCMD-SS\data\raw\hirise_v3_2\map-proj-v3_2\ESP_015897_2655_RED-0060.jpg,0.5333254933357239,0.5132433176040649,8.137333869934082,5.815938054899628
map-proj-v3_2/ESP_012373_0930_RED-0105.jpg,ok,,JPEG,227.0,227.0,L,1.0,1.0,normal,swiss cheese,train,esp_012373_0930_red-0105,[],f444b36b7d4a65c6e34bc6f864074b820e461128e06b613acfa7bbe76e4c2055,080c55041ffa50342768ae8503731c084f4e053dd3fc1c5b5d6275b51633e301,e5f554445959aab2,102.94967882163442,13.138311779454217,461209e4d1e2b42c,[],6.0,esp_012373_0930,['train'],2.0,Counter({'train': 2}),val,edbfc807a0aec8f6,True,hirise_clean,0,C:\Users\deves\OneDrive\Desktop\Projects\TCMD-SS\data\raw\hirise_v3_2\map-proj-v3_2\ESP_012373_0930_RED-0105.jpg,0.24983902275562286,0.3465740978717804,3.4907279014587402,3.9866398022913403
map-proj-v3_2/ESP_015897_2655_RED-0025.jpg,ok,,JPEG,227.0,227.0,L,1.0,1.0,normal,spider,val,esp_015897_2655_red-0025,[],785342c0ca17afac3f961aa13a4fbe8daf973751335c1ecb5c70ddb56827e47c,3e508ecd1cf894cbf4ea2d75302eeb2b5bbd1c7d1a0615b4958d635455b63e51,e0359bce66309b47,120.29783228861416,12.444055302395803,efb485524dd58d66,[],7.0,esp_015897_2655,['val'],2.0,Counter({'val': 2}),val,edbfc807a0aec8f6,True,hirise_clean,0,C:\Users\deves\OneDrive\Desktop\Projects\TCMD-SS\data\raw\hirise_v3_2\map-proj-v3_2\ESP_015897_2655_RED-0025.jpg,0.2513349652290344,0.4506918489933014,0.8829612731933594,5.187392834781602
map-proj-v3_2/PSP_004118_1355_RED-0321.jpg,ok,,JPEG,227.0,227.0,L,1.0,1.0,normal,other,train,psp_004118_1355_red-0321,[],312235c8c5661d63ef0bb53c12e0de2b838726086fb169c2681649ecd536269e,cf9da386c9d75157c306f8f003d0d8f1babc5186de45bd1534f7d99431b574fc,c64b9b62c68ca1b7,198.8024801568049,13.148512430195808,cb4a4766fdc861f8,[],0.0,psp_004118_1355,['train'],1.0,Counter({'train': 1}),val,bf60e4f40d8034ef,True,hirise_clean,0,C:\Users\deves\OneDrive\Desktop\Projects\TCMD-SS\data\raw\hirise_v3_2\map-proj-v3_2\PSP_004118_1355_RED-0321.jpg,0.6127466559410095,0.49992790818214417,1.8616065979003906,5.1491604467131955
map-proj-v3_2/ESP_026472_1410_RED-0259.jpg,ok,,JPEG,227.0,227.0,L,1.0,1.0,normal,crater,train,esp_026472_1410_red-0259,[],9f314f04743da0698a1eb06036a264a79f7219bc53983c011f002d69bfea27db,9699dee912a0def2c38933ea7290be5869b1b6a4b2fe54ec7285c215a3deae15,f3631430cba7ec98,81.27786295095966,14.480708641076166,d1beb7543f539b82,[],1.0,esp_026472_1410,['train'],1.0,Counter({'train': 1}),val,59d2c6861deea26d,True,hirise_clean,0,C:\Users\deves\OneDrive\Desktop\Projects\TCMD-SS\data\raw\hirise_v3_2\map-proj-v3_2\ESP_026472_1410_RED-0259.jpg,0.2636510133743286,0.41203075647354126,3.287675380706787,4.594501558696023
map-proj-v3_2/ESP_033955_2065_RED-0025.jpg,ok,,JPEG,227.0,227.0,L,1.0,1.0,normal,dark dune,train,esp_033955_2065_red-0025,[],40333ceee0c7a1c1004cc292d56277d081bbdc1595e038271f111baa2ff8312f,935e61cbfa86a05cb75b84e37c568c96dea7386cf058ba5f6adfb3f290e72ed9,8ad5a53ee49a352c,42.60463040229774,22.33989382090701,82aaa54b6dd5a973,[],2.0,esp_033955_2065,['train'],1.0,Counter({'train': 1}),val,ff393e6c547ee767,True,hirise_clean,0,C:\Users\deves\OneDrive\Desktop\Projects\TCMD-SS\data\raw\hirise_v3_2\map-proj-v3_2\ESP_033955_2065_RED-0025.jpg,0.41754069924354553,0.5737717747688293,1.0081411600112915,4.84844778248695
map-proj-v3_2/ESP_012971_2015_RED-0076.jpg,ok,,JPEG,227.0,227.0,L,1.0,1.0,normal,slope streak,val,esp_012971_2015_red-0076,[],bbc6667477c5b638b646c29d99a24ba2cfaf866c264a76c4b186fc3f03f2d2d5,f7d15066448a19ffe9fc0f3dd39983e7e7687aaa15114c99a7d89dbc653f2875,95c2d2ca6b29536b,162.7853053620291,34.60613332579279,229bf570f955a702,[],3.0,esp_012971_2015,['val'],1.0,Counter({'val': 1}),val,44f19f6daa37be2b,True,hirise_clean,0,C:\Users\deves\OneDrive\Desktop\Projects\TCMD-SS\data\raw\hirise_v3_2\map-proj-v3_2\ESP_012971_2015_RED-0076.jpg,0.45137664675712585,0.3963892459869385,3.691812038421631,4.584333608610011
map-proj-v3_2/ESP_016631_2535_RED-0152.jpg,ok,,JPEG,227.0,227.0,L,1.0,1.0,normal,bright dune,train,esp_016631_2535_red-0152,[],4b3e4c9c492bb718f21d0714c3409af058c03d7044492c8fb4235d5a3ce7ee26,f6e097dc83c2417c79c06abf5cd5146fef21f4d8690b1ec5993bb0ff22fd0136,a25e318c647ea35d,154.26445302645112,19.45799134965884,c873b43ce2bafd69,[],4.0,esp_016631_2535,['train'],1.0,Counter({'train': 1}),val,501845ae468bdee7,True,hirise_clean,0,C:\Users\deves\OneDrive\Desktop\Projects\TCMD-SS\data\raw\hirise_v3_2\map-proj-v3_2\ESP_016631_2535_RED-0152.jpg,0.4066663682460785,0.4725137948989868,5.185776710510254,5.993934529294994
map-proj-v3_2/ESP_046549_1790_RED-0002.jpg,ok,,JPEG,227.0,227.0,L,1.0,1.0,normal,impact ejecta,train,esp_046549_1790_red-0002,[],33d7c26a7ffaef886f3e00bf3824d59ae3e91ef78661a9e465192932234fda78,960e8907e257053be0927e79d0ecee6efd6e3ddaa19de3a9d433e406a1849ca1,b782599867a36e94,111.62201866909896,35.34909725601698,7c569eddccc100ce,[],5.0,esp_046549_1790,['train'],2.0,Counter({'train': 2}),val,1a05a783ca59cf66,True,hirise_clean,0,C:\Users\deves\OneDrive\Desktop\Projects\TCMD-SS\data\raw\hirise_v3_2\map-proj-v3_2\ESP_046549_1790_RED-0002.jpg,0.4483219385147095,0.5177777409553528,9.007264137268066,7.815641002572424
map-proj-v3_2/ESP_012373_0930_RED-0160.jpg,ok,,JPEG,227.0,227.0,L,1.0,1.0,normal,swiss cheese,train,esp_012373_0930_red-0160,[],3e793312d0604b28d750a178259cd9dfb5d2e1b2aba36b2b2b1323f5f072e7ee,ec95493cb710554c8a351de874241de14b47b213014ba621fdabd7ab2abeba8f,e60e19952a1dbcba,103.78613984358324,18.673901905469467,23ff7d4528402be9,[],6.0,esp_012373_0930,['train'],2.0,Counter({'train': 2}),val,edbfc807a0aec8f6,True,hirise_clean,0,C:\Users\deves\OneDrive\Desktop\Projects\TCMD-SS\data\raw\hirise_v3_2\map-proj-v3_2\ESP_012373_0930_RED-0160.jpg,0.29153555631637573,0.3422952890396118,5.448970794677734,4.285535657869983
map-proj-v3_2/ESP_015897_2655_RED-0049.jpg,ok,,JPEG,227.0,227.0,L,1.0,1.0,normal,spider,val,esp_015897_2655_red-0049,[],a83b9e857ad430007448a18ed936f108da349caec99474be1c4882783fcc443e,b10f8048d0581fa68f29dc1ea746d39b4d0c02b0c69caf92a13e5623ee024696,84f31fc378cf016c,170.5228123969027,60.4731297869272,732e8f6b138b22d8,['group_label_conflict'],7.0,esp_015897_2655,['val'],2.0,Counter({'val': 2}),val,edbfc807a0aec8f6,True,hirise_clean,0,C:\Users\deves\OneDrive\Desktop\Projects\TCMD-SS\data\raw\hirise_v3_2\map-proj-v3_2\ESP_015897_2655_RED-0049.jpg,0.6878966689109802,0.39931610226631165,12.044463157653809,4.6188523466852205
map-proj-v3_2/PSP_004118_1355_RED-0063.jpg,ok,,JPEG,227.0,227.0,L,1.0,1.0,normal,other,train,psp_004118_1355_red-0063,[],f237ffe5797fe74de93e83e15b26256ea52589199fbec94499f04cbbe39f37b9,2c6eb8e20d81a96d24c39b24368747c65f029ed193d9571eba53a333b3e74c18,edc2c03e470dd34d,153.1391643540531,15.87075744401223,3f6fe0b8dab11ede,[],0.0,psp_004118_1355,['train'],1.0,Counter({'train': 1}),val,bf60e4f40d8034ef,True,hirise_clean,0,C:\Users\deves\OneDrive\Desktop\Projects\TCMD-SS\data\raw\hirise_v3_2\map-proj-v3_2\PSP_004118_1355_RED-0063.jpg,0.39660459756851196,0.48634809255599976,2.2832236289978027,5.795430035423805
map-proj-v3_2/ESP_023020_1410_RED-0176.jpg,ok,,JPEG,227.0,227.0,L,1.0,1.0,normal,crater,train,esp_023020_1410_red-0176,[],ae6689202db300de729f7e6adb47ef1d30f29af080f0dccb7718d232597ab449,417ffec840df2a11d68ca6f2464b1a7a07dee942296ba18cbd297da27518222d,a3f08d093367cf8a,159.3120766946768,11.414191698993712,f0fe9777aed9d086,[],1.0,esp_023020_1410,['train'],1.0,Counter({'train': 1}),val,a01922dfa27b71f7,True,hirise_clean,0,C:\Users\deves\OneDrive\Desktop\Projects\TCMD-SS\data\raw\hirise_v3_2\map-proj-v3_2\ESP_023020_1410_RED-0176.jpg,0.43530023097991943,0.43507272005081177,1.204269528388977,4.824255165691375
map-proj-v3_2/ESP_033955_2065_RED-0045.jpg,ok,,JPEG,227.0,227.0,L,1.0,1.0,normal,dark dune,train,esp_033955_2065_red-0045,[],53b3fc177969619c3f8fdc0cca89882230b4167f8a73d007cee9e5adcbafd0be,4460773307463a203b5ff4925ac0e6485aa1d271332529f21db11cfa59a3747e,9b6664a9db9620cd,50.86539618467271,18.051534914952512,ef84360f8586d576,[],2.0,esp_033955_2065,['train'],1.0,Counter({'train': 1}),val,ff393e6c547ee767,True,hirise_clean,0,C:\Users\deves\OneDrive\Desktop\Projects\TCMD-SS\data\raw\hirise_v3_2\map-proj-v3_2\ESP_033955_2065_RED-0045.jpg,0.38557812571525574,0.5640092492103577,0.9903230667114258,4.762019410733566
map-proj-v3_2/ESP_012971_2015_RED-0132.jpg,ok,,JPEG,227.0,227.0,L,1.0,1.0,normal,slope streak,val,esp_012971_2015_red-0132,[],6a5a1edfac74698a2840e7742660e21af3bb3cb891214a5d933d8f6f290428eb,48ff6051295f672cf54a2ec767b9e9f434635fe9d0f9b05c7ce2f56f9c35d22e,85fa0b392c0f0f3e,196.16058918279023,22.375424710495043,2804e039acd2e164,[],3.0,esp_012971_2015,['val'],1.0,Counter({'val': 1}),val,44f19f6daa37be2b,True,hirise_clean,0,C:\Users\deves\OneDrive\Desktop\Projects\TCMD-SS\data\raw\hirise_v3_2\map-proj-v3_2\ESP_012971_2015_RED-0132.jpg,0.6465356945991516,0.4084798991680145,2.6706063747406006,5.1965439219440395
map-proj-v3_2/ESP_016631_2535_RED-0097.jpg,ok,,JPEG,227.0,227.0,L,1.0,1.0,normal,bright dune,train,esp_016631_2535_red-0097,[],8853fae992d7bc32402331e0f65cf9089f129b752e50ae85dc9fb530149bdf45,15a0427659a5a1c7b28af9cf3d65b62aa647bfce0c208ba97f7187b74c61678a,a47e93994c663399,137.04944788371597,15.29329908586551,31100b5de543c9d2,['group_label_conflict'],4.0,esp_016631_2535,['train'],1.0,Counter({'train': 1}),val,501845ae468bdee7,True,hirise_clean,0,C:\Users\deves\OneDrive\Desktop\Projects\TCMD-SS\data\raw\hirise_v3_2\map-proj-v3_2\ESP_016631_2535_RED-0097.jpg,0.34565097093582153,0.47674986720085144,4.172560691833496,5.262570247572113
map-proj-v3_2/ESP_015897_2655_RED-0036.jpg,ok,,JPEG,227.0,227.0,L,1.0,1.0,normal,impact ejecta,val,esp_015897_2655_red-0036,[],33ed188f4dcc8f951577d29e06009cddc9d7467ac1f4e3422e792011edfa39b3,3c7b3eac803434b10a46b0d9fb02822ff2c98cf88bcae40062249d5f0d8ed1c0,b362ccce7313cc26,96.54807972209824,9.65152809938782,4c95a75407e85a70,[],5.0,esp_015897_2655,['val'],2.0,Counter({'val': 2}),val,edbfc807a0aec8f6,True,hirise_clean,0,C:\Users\deves\OneDrive\Desktop\Projects\TCMD-SS\data\raw\hirise_v3_2\map-proj-v3_2\ESP_015897_2655_RED-0036.jpg,0.21348614990711212,0.4287201166152954,0.8669463992118835,5.168652909645853
map-proj-v3_2/ESP_011951_0930_RED-0019.jpg,ok,,JPEG,227.0,227.0,L,1.0,1.0,normal,swiss cheese,val,esp_011951_0930_red-0019,[],92ced7b7ea88a6e13c4bc6a51d712c1313dfc117d428fa12175885050d5d7b79,994e8ae950c5130508535b1afe142dce11de7a5d1b8038440ff13a2298c39f74,f14786a8b1553de8,101.1799957305595,16.995887905656048,17e132144452be40,[],6.0,esp_011951_0930,['val'],2.0,Counter({'val': 2}),val,f03c3587611264d1,True,hirise_clean,0,C:\Users\deves\OneDrive\Desktop\Projects\TCMD-SS\data\raw\hirise_v3_2\map-proj-v3_2\ESP_011951_0930_RED-0019.jpg,0.2809094488620758,0.384276807308197,3.379168748855591,4.511508533649309
map-proj-v3_2/ESP_015897_2655_RED-0019.jpg,ok,,JPEG,227.0,227.0,L,1.0,1.0,normal,spider,val,esp_015897_2655_red-0019,[],781a3d72ea01030f76e5593c9ed52beb151e48e7b21a3b0d38e080f5b6dbb781,cc8984d948a40421c2122a34fdd9fa5225cd0e6882935c6b3eb8e53cd0e62679,b9968ec4333938ce,122.1579887053892,10.499837874553345,6c506ce4bd284cd3,[],7.0,esp_015897_2655,['val'],2.0,Counter({'val': 2}),val,edbfc807a0aec8f6,True,hirise_clean,0,C:\Users\deves\OneDrive\Desktop\Projects\TCMD-SS\data\raw\hirise_v3_2\map-proj-v3_2\ESP_015897_2655_RED-0019.jpg,0.2608439326286316,0.48411378264427185,0.8053341507911682,5.9606228996645845
map-proj-v3_2/PSP_010087_1555_RED-0306.jpg,ok,,JPEG,227.0,227.0,L,1.0,1.0,normal,other,train,psp_010087_1555_red-0306,[],bc318c1a1930eaaaab68d7b95bc1f10742ef92320069fb05e67e07601ec43e12,8692064e7ae0b6b6d8831da211c1da2cb22324f0b32cecf4c372a15064c49ff0,a449cb1e72d537c4,54.5856119854839,16.584305621116048,44fd790ca7ce906d,[],0.0,psp_010087_1555,['train'],1.0,Counter({'train': 1}),val,929ffd64c6803520,True,hirise_clean,0,C:\Users\deves\OneDrive\Desktop\Projects\TCMD-SS\data\raw\hirise_v3_2\map-proj-v3_2\PSP_010087_1555_RED-0306.jpg,0.35070574283599854,0.4381553828716278,1.7536801099777222,4.34636216746774
map-proj-v3_2/ESP_050128_2025_RED-0072.jpg,ok,,JPEG,227.0,227.0,L,1.0,1.0,normal,crater,train,esp_050128_2025_red-0072,[],90ab94c814464ebe9293050367c0d7f13b2aa1bb468650ac5a4cdc978adeba31,07b48011983575a048e105e421a0a6531173145b3156946526b1693d8df03083,e2339d8d6632994d,129.70280812746222,14.497749036247338,f80b1b4371efaef5,[],1.0,esp_050128_2025,['train'],2.0,Counter({'train': 2}),val,857ae588ac774718,True,hirise_clean,0,C:\Users\deves\OneDrive\Desktop\Projects\TCMD-SS\data\raw\hirise_v3_2\map-proj-v3_2\ESP_050128_2025_RED-0072.jpg,0.3171459138393402,0.36250439286231995,4.286695957183838,4.16534128931071
map-proj-v3_2/ESP_033955_2065_RED-0054.jpg,ok,,JPEG,227.0,227.0,L,1.0,1.0,normal,dark dune,train,esp_033955_2065_red-0054,[],9db4905ddef778b9c5e326672acea4afb0f5048684ad8a08daf80e54bbe309eb,e095e5ec227b04de3cab0bcd6367c196adcc341a582d41fd0fa2a0fc4045d441,eddcb26ac45892a6,49.91313629218498,14.378030768893224,3f0fe2b69b633511,[],2.0,esp_033955_2065,['train'],1.0,Counter({'train': 1}),val,ff393e6c547ee767,True,hirise_clean,0,C:\Users\deves\OneDrive\Desktop\Projects\TCMD-SS\data\raw\hirise_v3_2\map-proj-v3_2\ESP_033955_2065_RED-0054.jpg,0.3352504372596741,0.505824863910675,0.9425428509712219,4.301643588671412
map-proj-v3_2/ESP_012700_2025_RED-0012.jpg,ok,,JPEG,227.0,227.0,L,1.0,1.0,normal,slope streak,train,esp_012700_2025_red-0012,[],64286241d5586e39cd869a680ddba815cbfc53ec5dd53733ad33ff824bcc0f3f,8001769d26b798f402a326768648e8caa8616e391ffdd051c0e0786047933475,97e02ecbaba5cc84,59.42671117234955,23.64800525601865,13f0549cc3cbcafc,[],3.0,esp_012700_2025,['train'],1.0,Counter({'train': 1}),val,43c5a364fd2e03af,True,hirise_clean,0,C:\Users\deves\OneDrive\Desktop\Projects\TCMD-SS\data\raw\hirise_v3_2\map-proj-v3_2\ESP_012700_2025_RED-0012.jpg,0.4233902394771576,0.45404961705207825,1.6692546606063843,4.0145400622385505
map-proj-v3_2/ESP_016631_2535_RED-0030.jpg,ok,,JPEG,227.0,227.0,L,1.0,1.0,normal,bright dune,train,esp_016631_2535_red-0030,[],ad73260672b7d04305030d915c5a51935302556f29340fe9eb627666c1776852,c0b42f6fdf89a09c03bff29dc5ee211d3939ac2b90df88d3c3915c94c90e09c8,a47791dd44573398,147.5821382134332,19.63926089780556,702aa94d7230a5b4,[],4.0,esp_016631_2535,['train'],1.0,Counter({'train': 1}),val,501845ae468bdee7,True,hirise_clean,0,C:\Users\deves\OneDrive\Desktop\Projects\TCMD-SS\data\raw\hirise_v3_2\map-proj-v3_2\ESP_016631_2535_RED-0030.jpg,0.38934215903282166,0.5154879093170166,5.223574638366699,5.758975718932157
map-proj-v3_2/ESP_046549_1790_RED-0169.jpg,ok,,JPEG,227.0,227.0,L,1.0,1.0,normal,impact ejecta,train,esp_046549_1790_red-0169,[],70e007bda2596b605ef06d0904d8680e8598c70c5cf30c0fb7e1b634d0d73f7a,63fcd9e67f2da64e28ea5ee53f39147076da0372964faf52ebf0b663d2bd28cf,c6b1310976eb9ccc,104.99813697141416,17.650760257757376,d8440814f1e2884a,[],5.0,esp_046549_1790,['train'],2.0,Counter({'train': 2}),val,1a05a783ca59cf66,True,hirise_clean,0,C:\Users\deves\OneDrive\Desktop\Projects\TCMD-SS\data\raw\hirise_v3_2\map-proj-v3_2\ESP_046549_1790_RED-0169.jpg,0.26337930560112,0.5658133029937744,7.100464344024658,6.291280674182115
map-proj-v3_2/ESP_012373_0930_RED-0112.jpg,ok,,JPEG,227.0,227.0,L,1.0,1.0,normal,swiss cheese,train,esp_012373_0930_red-0112,[],42a9eb9bc09a260e69d952d155f794fbf938742df3f13dea9ea0dba4bded77f7,55e000e684a0bec19910031d0958ab2f763400746ab640d22197f5fdaee74265,b3b04d2e4c06cebe,102.20182809679986,10.834594649697758,90c8c7b79b98ba25,[],6.0,esp_012373_0930,['train'],2.0,Counter({'train': 2}),val,edbfc807a0aec8f6,True,hirise_clean,0,C:\Users\deves\OneDrive\Desktop\Projects\TCMD-SS\data\raw\hirise_v3_2\map-proj-v3_2\ESP_012373_0930_RED-0112.jpg,0.2316962480545044,0.3429522216320038,2.3053410053253174,3.8324486731763243
map-proj-v3_2/ESP_015897_2655_RED-0020.jpg,ok,,JPEG,227.0,227.0,L,1.0,1.0,normal,spider,val,esp_015897_2655_red-0020,[],79c928033c6f17106daf0e7a061a60ca9c63d5c9b0d06bf0f7958579e3983552,30e75e871125861e703a6f86f7d7fd6624b2d1682fb47618a671c8f8b23fe695,e571c9e6929b096c,119.68590502435522,11.673404832534244,c80fbd03bce0613f,[],7.0,esp_015897_2655,['val'],2.0,Counter({'val': 2}),val,edbfc807a0aec8f6,True,hirise_clean,0,C:\Users\deves\OneDrive\Desktop\Projects\TCMD-SS\data\raw\hirise_v3_2\map-proj-v3_2\ESP_015897_2655_RED-0020.jpg,0.2317648082971573,0.47854235768318176,1.1922672986984253,5.986515142381293
map-proj-v3_2/ESP_034268_1795_RED-0385.jpg,ok,,JPEG,227.0,227.0,L,1.0,1.0,normal,other,val,esp_034268_1795_red-0385,[],126ebd5a768101943f48e4c004c8a9ea41d79d17cef88746da517e777cca8a45,576132b2c4c47fc007fa002807b83908903f004ad0d3259508552463479202ef,f5dc893912d69e28,197.70674765665936,17.993169574289876,e609fbe8bd3ab837,[],0.0,esp_034268_1795,['val'],1.0,Counter({'val': 1}),val,3d3af0ffc91f037f,True,hirise_clean,0,C:\Users\deves\OneDrive\Desktop\Projects\TCMD-SS\data\raw\hirise_v3_2\map-proj-v3_2\ESP_034268_1795_RED-0385.jpg,0.6345604062080383,0.3891029357910156,1.2181401252746582,3.994140668966125
map-proj-v3_2/ESP_011623_2100_RED-0346.jpg,ok,,JPEG,227.0,227.0,L,1.0,1.0,normal,crater,train,esp_011623_2100_red-0346,[],89ec2a530c0d1a11022dadda7d02379955e340bbd1d9b0b77124b552ba0a5502,c0c614e75326dfc437b89f8e881da48778ac963296d5c77960dbb8e6bf372ef0,9b6b24a793d8ec21,98.03308816394652,17.24975053809507,5be34de5dbfb0e33,[],1.0,esp_011623_2100,['train'],1.0,Counter({'train': 1}),val,eb8c04e9d753e391,True,hirise_clean,0,C:\Users\deves\OneDrive\Desktop\Projects\TCMD-SS\data\raw\hirise_v3_2\map-proj-v3_2\ESP_011623_2100_RED-0346.jpg,0.26656845211982727,0.3318746089935303,4.117961883544922,4.745569773089848
map-proj-v3_2/ESP_033955_2065_RED-0039.jpg,ok,,JPEG,227.0,227.0,L,1.0,1.0,normal,dark dune,train,esp_033955_2065_red-0039,[],9dfad37978d48cba90c00feb76eab0ca53b1e192b32f5bc175584bc9c85b1b80,aa9b21a49cd264d9f78c046a84e7c781bff23aeb03689b8215fd3ed031afc497,d4d4b8f004f9a3ce,30.94835917638612,17.35039214276667,cea7801dc047968c,[],2.0,esp_033955_2065,['train'],1.0,Counter({'train': 1}),val,ff393e6c547ee767,True,hirise_clean,0,C:\Users\deves\OneDrive\Desktop\Projects\TCMD-SS\data\raw\hirise_v3_2\map-proj-v3_2\ESP_033955_2065_RED-0039.jpg,0.40310630202293396,0.4931161105632782,0.9760398864746094,5.836467185290907
map-proj-v3_2/ESP_012971_2015_RED-0101.jpg,ok,,JPEG,227.0,227.0,L,1.0,1.0,normal,slope streak,val,esp_012971_2015_red-0101,[],af83cb36567f9bcf4c12e412b62a733ba9452ce14ed4386d16d304e44d922bba,e6ef9df71ecae7205ce99ff94ad9af181d047c0213682b1342a3c2fb307cd422,988c67b1569b646d,174.3340837198471,32.786231000995706,881b9a874756242a,[],3.0,esp_012971_2015,['val'],1.0,Counter({'val': 1}),val,44f19f6daa37be2b,True,hirise_clean,0,C:\Users\deves\OneDrive\Desktop\Projects\TCMD-SS\data\raw\hirise_v3_2\map-proj-v3_2\ESP_012971_2015_RED-0101.jpg,0.583908200263977,0.4197560250759125,2.488433599472046,5.234931834278764
map-proj-v3_2/ESP_016683_2535_RED-0083.jpg,ok,,JPEG,227.0,227.0,L,1.0,1.0,normal,bright dune,train,esp_016683_2535_red-0083,[],f7023d34927f4fc6ade12dc1c2e6ff5204193185fbfa2a7190d10e95bf3c1a1e,0cf6d883710754c15e610774ec7020d848604938cd64b9c736108cc3d7b45014,a42b1b5c4cf3f384,138.7097944846591,80.40243901204994,5c93fbeaa2ee3795,[],4.0,esp_016683_2535,['train'],1.0,Counter({'train': 1}),val,501845ae468bdee7,True,hirise_clean,0,C:\Users\deves\OneDrive\Desktop\Projects\TCMD-SS\data\raw\hirise_v3_2\map-proj-v3_2\ESP_016683_2535_RED-0083.jpg,0.6916018128395081,0.4543607234954834,11.117009162902832,5.58478363400291
map-proj-v3_2/ESP_018299_2245_RED-0412.jpg,ok,,JPEG,227.0,227.0,L,1.0,1.0,normal,impact ejecta,train,esp_018299_2245_red-0412,[],68eedfad425777b335d8aa22f802e846b686309de46dc09b8c79dd2f2cc4fd1b,ccacfd7a8a94428fa360a3f73cfa7aba099fd708a62d2efaa36d8360d7ad2432,a673cc9c7133469c,134.0091987036426,20.87199362754336,98e70a4213c0ab03,[],5.0,esp_018299_2245,['train'],1.0,Counter({'train': 1}),val,68f7375f9d5f9c50,True,hirise_clean,0,C:\Users\deves\OneDrive\Desktop\Projects\TCMD-SS\data\raw\hirise_v3_2\map-proj-v3_2\ESP_018299_2245_RED-0412.jpg,0.33754998445510864,0.4765525758266449,2.840923547744751,5.4472265668231055
map-proj-v3_2/PSP_004673_0935_RED-0087.jpg,ok,,JPEG,227.0,227.0,L,1.0,1.0,normal,swiss cheese,test,psp_004673_0935_red-0087,[],2be3fb396227cb76c6293baf879d0e4b7a249fe001fca19e389a90016629ae7b,4d582bcb6573d05e995b8f25f1c0792558552e59853cefad35146c0568a05cf2,c149e4d32b6db4e2,130.8189369093132,15.45813074833705,b0aaca5917762228,[],6.0,psp_004673_0935,['test'],1.0,Counter({'test': 1}),val,edbfc807a0aec8f6,True,hirise_clean,0,C:\Users\deves\OneDrive\Desktop\Projects\TCMD-SS\data\raw\hirise_v3_2\map-proj-v3_2\PSP_004673_0935_RED-0087.jpg,0.3156776428222656,0.4218764007091522,2.345771074295044,5.364864809901057
map-proj-v3_2/ESP_040664_1050_RED-0040.jpg,ok,,JPEG,227.0,227.0,L,1.0,1.0,normal,spider,val,esp_040664_1050_red-0040,[],e56a48d4b9f00dcef119aee11d020648cbbd4eff1f1fdce929868b7507b0f5cb,2466854ce384dbdcf465b4360c5d1c7ba1cb568ca1c13947768754ead3e88d58,89c3f0dc72d46aaa,59.47476178462613,40.31135287288067,b3cee37f2e461039,[],7.0,esp_040664_1050,['val'],1.0,Counter({'val': 1}),val,146721ebbbcd68c2,True,hirise_clean,0,C:\Users\deves\OneDrive\Desktop\Projects\TCMD-SS\data\raw\hirise_v3_2\map-proj-v3_2\ESP_040664_1050_RED-0040.jpg,0.5081315040588379,0.6158234477043152,5.658447742462158,6.225347332205636
map-proj-v3_2/PSP_008462_1440_RED-0246.jpg,ok,,JPEG,227.0,227.0,L,1.0,1.0,normal,other,val,psp_008462_1440_red-0246,[],a5f9da6ddd66132cfbc0c5e78267c98bce04189a69638d99adfcb1e173d77b1e,f9dcf03c3d4ab3fbc1a90a20c9f6f7afeab36d7cc55fb0414e0632884d522686,b7e29bb766049425,72.06759300588018,16.30557191975895,b2bcb24464fe07d1,[],0.0,psp_008462_1440,['val'],1.0,Counter({'val': 1}),val,59d2c6861deea26d,True,hirise_clean,0,C:\Users\deves\OneDrive\Desktop\Projects\TCMD-SS\data\raw\hirise_v3_2\map-proj-v3_2\PSP_008462_1440_RED-0246.jpg,0.2993012070655823,0.40452316403388977,1.6703320741653442,4.568308555667205
map-proj-v3_2/PSP_010087_1555_RED-0181.jpg,ok,,JPEG,227.0,227.0,L,1.0,1.0,normal,crater,train,psp_010087_1555_red-0181,[],63b4c3c93576babae8e824090f3e11ad909d3ec2b2d1f8d232709b825d6fd672,c3159ec0c2cb9278cdf37469421f1bf2a9844cc1ea23c7a936ec99d7d22511be,b14ec72158b3eb86,113.6671194861146,16.358230576462734,da2c8f16dfd07a2f,[],1.0,psp_010087_1555,['train'],1.0,Counter({'train': 1}),val,929ffd64c6803520,True,hirise_clean,0,C:\Users\deves\OneDrive\Desktop\Projects\TCMD-SS\data\raw\hirise_v3_2\map-proj-v3_2\PSP_010087_1555_RED-0181.jpg,0.26506227254867554,0.4766688644886017,2.0247042179107666,5.084791528050673
map-proj-v3_2/ESP_033955_2065_RED-0048.jpg,ok,,JPEG,227.0,227.0,L,1.0,1.0,normal,dark dune,train,esp_033955_2065_red-0048,[],c902f16ed83d1c39b80ac9f7204bbb0d3080a236b63e0dbb8730296c95d4d808,8f65a576e449e149c3e9b6b722a6619882460015fd904d89f9bbb31586637eb6,dbb146d4d992d189,49.11781715150692,21.115461465038987,7c5bd67cd658b091,[],2.0,esp_033955_2065,['train'],1.0,Counter({'train': 1}),val,ff393e6c547ee767,True,hirise_clean,0,C:\Users\deves\OneDrive\Desktop\Projects\TCMD-SS\data\raw\hirise_v3_2\map-proj-v3_2\ESP_033955_2065_RED-0048.jpg,0.36453336477279663,0.5070544481277466,2.1176085472106934,4.688774970630455
map-proj-v3_2/ESP_016570_2050_RED-0121.jpg,ok,,JPEG,227.0,227.0,L,1.0,1.0,normal,slope streak,val,esp_016570_2050_red-0121,[],01c262e0625660e6fc4327d7724499fdf9b937665fe24488ae9d67cd81609c20,0de50fcc474e4e7c33123b0b93a724dbabac3b12eb4bb80608fd7a304ef51bb5,a2c84fd9639287da,194.5411709910924,13.660630935018691,a3dfe2b60ae1fc13,[],3.0,esp_016570_2050,['val'],1.0,Counter({'val': 1}),val,f68d9819a0753d5f,True,hirise_clean,0,C:\Users\deves\OneDrive\Desktop\Projects\TCMD-SS\data\raw\hirise_v3_2\map-proj-v3_2\ESP_016570_2050_RED-0121.jpg,0.6324278116226196,0.5195327997207642,1.1243739128112793,5.849537833951141
map-proj-v3_2/ESP_016631_2535_RED-0171.jpg,ok,,JPEG,227.0,227.0,L,1.0,1.0,normal,bright dune,train,esp_016631_2535_red-0171,[],e6bbd44cbf74bb6c9a43801a54bf06fea2230bde4048f254c9f19f8479ec6735,6a632085c91bff04c98b1ceb7365e56f7bc82c935cdacd07d418af0ea9a50511,84fbbb00ec771389,154.35219002891574,20.31631446824097,7875e90b37885eab,[],4.0,esp_016631_2535,['train'],1.0,Counter({'train': 1}),val,501845ae468bdee7,True,hirise_clean,0,C:\Users\deves\OneDrive\Desktop\Projects\TCMD-SS\data\raw\hirise_v3_2\map-proj-v3_2\ESP_016631_2535_RED-0171.jpg,0.42815983295440674,0.5093960165977478,4.801784038543701,5.467914906950225
map-proj-v3_2/ESP_015897_2655_RED-0018.jpg,ok,,JPEG,227.0,227.0,L,1.0,1.0,normal,impact ejecta,val,esp_015897_2655_red-0018,[],74044871d1f46d5b385adfb55fc7670fa4b4869df45680c908d39ba4cb7dfb77,fb73997aaac47eafd5d88b2bedb8fed0b3e0e0d36dce2664437e9383edb7e1c2,b353d94c6213d9e4,121.76651982378854,13.7253764036559,1b198f89bda946cb,[],5.0,esp_015897_2655,['val'],2.0,Counter({'val': 2}),val,edbfc807a0aec8f6,True,hirise_clean,0,C:\Users\deves\OneDrive\Desktop\Projects\TCMD-SS\data\raw\hirise_v3_2\map-proj-v3_2\ESP_015897_2655_RED-0018.jpg,0.24552929401397705,0.4525504410266876,0.9958885312080383,5.406377919306229
map-proj-v3_2/ESP_011951_0930_RED-0011.jpg,ok,,JPEG,227.0,227.0,L,1.0,1.0,normal,swiss cheese,val,esp_011951_0930_red-0011,[],62d6793090c712ec97189c1976f8acb2866736c30097d8e5fc31b9cb2c9f89f1,e8c36a178930baa79ac53307439fac86455e2f037a8fd1d7ecfb70ca71c154d7,d3b859a44fd5a852,93.74111665275863,29.31505617106927,8272db8fb9f26b76,[],6.0,esp_011951_0930,['val'],2.0,Counter({'val': 2}),val,f03c3587611264d1,True,hirise_clean,0,C:\Users\deves\OneDrive\Desktop\Projects\TCMD-SS\data\raw\hirise_v3_2\map-proj-v3_2\ESP_011951_0930_RED-0011.jpg,0.3752508759498596,0.352820485830307,4.654457092285156,3.6886171379120345
map-proj-v3_2/ESP_015897_2655_RED-0052.jpg,ok,,JPEG,227.0,227.0,L,1.0,1.0,normal,spider,val,esp_015897_2655_red-0052,[],8053c3a62faab7e8163d0d39f6356b0a39c3a2ee667658b2b100628068c340f3,c6aff92e3d291fb43f0e6b6ddcce06dcbb19f9d0143b6000380bf4f74cf62add,e1f39c4d26929d64,150.05003008014904,12.665363739545596,2652ae830dbb704d,[],7.0,esp_015897_2655,['val'],2.0,Counter({'val': 2}),val,edbfc807a0aec8f6,True,hirise_clean,0,C:\Users\deves\OneDrive\Desktop\Projects\TCMD-SS\data\raw\hirise_v3_2\map-proj-v3_2\ESP_015897_2655_RED-0052.jpg,0.37426334619522095,0.417820543050766,0.8380419611930847,5.718930044570843
map-proj-v3_2/ESP_011881_1585_RED-0019.jpg,ok,,JPEG,227.0,227.0,L,1.0,1.0,normal,other,train,esp_011881_1585_red-0019,[],1e6a68bf86b53ead589535fa064deb0ae6d55d1a631b0926785c898d24de51db,dc943ae2ddeef04f5282fafa990374c0d84ce9f7e5a9a783ddf76dd5bd2ab13a,ee9b1921060f7cd9,73.8156572027402,14.620494274670127,0a8880e29be69164,[],0.0,esp_011881_1585,['train'],1.0,Counter({'train': 1}),val,69b6f25edcb62ea5,True,hirise_clean,0,C:\Users\deves\OneDrive\Desktop\Projects\TCMD-SS\data\raw\hirise_v3_2\map-proj-v3_2\ESP_011881_1585_RED-0019.jpg,0.24631944298744202,0.4178685247898102,1.208774447441101,5.594654088370856
map-proj-v3_2/ESP_026472_1410_RED-0301.jpg,ok,,JPEG,227.0,227.0,L,1.0,1.0,normal,crater,train,esp_026472_1410_red-0301,[],2de13a3bc0b233f17728e73c98165024d04b6e466af911f9cd1d3354d4ab75b2,bf674281ff2076796fa122b9b38be2ec237085248cf4724a9a6fce6cf90bd8b7,93652cd973658cd8,91.3647072522269,18.694107080965345,e8eaf3a09eaa4462,[],1.0,esp_026472_1410,['train'],1.0,Counter({'train': 1}),val,59d2c6861deea26d,True,hirise_clean,0,C:\Users\deves\OneDrive\Desktop\Projects\TCMD-SS\data\raw\hirise_v3_2\map-proj-v3_2\ESP_026472_1410_RED-0301.jpg,0.30402275919914246,0.42327645421028137,3.4311368465423584,5.139323333304081
map-proj-v3_2/ESP_033955_2065_RED-0052.jpg,ok,,JPEG,227.0,227.0,L,1.0,1.0,normal,dark dune,train,esp_033955_2065_red-0052,[],969b80bf449679cf7f13ab0569cd92936e5fa7d566fa3f04ba896525b555564d,0ca1e2fa095e4836e2779b8057c176a35da0e8b97dad18bc4f8ba03d854ad8b3,d6921af222f606f6,61.04688621941043,32.902689623687344,4dd3c4d01f099b69,[],2.0,esp_033955_2065,['train'],1.0,Counter({'train': 1}),val,ff393e6c547ee767,True,hirise_clean,0,C:\Users\deves\OneDrive\Desktop\Projects\TCMD-SS\data\raw\hirise_v3_2\map-proj-v3_2\ESP_033955_2065_RED-0052.jpg,0.36469998955726624,0.48808199167251587,3.7870445251464844,4.509843383229009
map-proj-v3_2/ESP_012700_2025_RED-0011.jpg,ok,,JPEG,227.0,227.0,L,1.0,1.0,normal,slope streak,train,esp_012700_2025_red-0011,[],890cdfd34027b48f0832f8b86f0e98c4f043bb7216b1ddb95c516a5de0c48857,920a1a1eb94b0ea8bc995427fc84d02dd174dd59f818476521186508cd967ba9,80bfd3bd29e0ca32,33.908129402860524,17.588358861903128,af86349ab5c82d4f,[],3.0,esp_012700_2025,['train'],1.0,Counter({'train': 1}),val,43c5a364fd2e03af,True,hirise_clean,0,C:\Users\deves\OneDrive\Desktop\Projects\TCMD-SS\data\raw\hirise_v3_2\map-proj-v3_2\ESP_012700_2025_RED-0011.jpg,0.4808656871318817,0.43614763021469116,1.1996034383773804,4.220905438377366
map-proj-v3_2/ESP_016631_2535_RED-0100.jpg,ok,,JPEG,227.0,227.0,L,1.0,1.0,normal,bright dune,train,esp_016631_2535_red-0100,[],965a6bedf798f797b9e0d38d33c4b9a50ee7166a6eda4d3b44a72efb049bcb00,7156b8ae6f3fd991098b7489e992bcd48c1c3166b76b719d47eb6c1822b61d23,a4b693c8cc6633d9,129.661957344408,20.50663520109773,31100b5de543c9d2,['group_label_conflict'],4.0,esp_016631_2535,['train'],1.0,Counter({'train': 1}),val,501845ae468bdee7,True,hirise_clean,0,C:\Users\deves\OneDrive\Desktop\Projects\TCMD-SS\data\raw\hirise_v3_2\map-proj-v3_2\ESP_016631_2535_RED-0100.jpg,0.32970917224884033,0.49440157413482666,6.015793323516846,5.0709659767069635
map-proj-v3_2/ESP_046549_1790_RED-0046.jpg,ok,,JPEG,227.0,227.0,L,1.0,1.0,normal,impact ejecta,train,esp_046549_1790_red-0046,[],663d935cd984bc2f197d92dc6dfb9d03788635288fa95973038aeb582bf3da79,adc6a55cfb4e2434ca59a9fb91510f711462ad6346360b6ccd3b3b0acaf16ee4,a3371b6d86b72223,115.18705971394748,15.758743068690276,d40fee25a12c3404,[],5.0,esp_046549_1790,['train'],2.0,Counter({'train': 2}),val,1a05a783ca59cf66,True,hirise_clean,0,C:\Users\deves\OneDrive\Desktop\Projects\TCMD-SS\data\raw\hirise_v3_2\map-proj-v3_2\ESP_046549_1790_RED-0046.jpg,0.25711655616760254,0.5308834314346313,2.3019824028015137,5.620895382015269
map-proj-v3_2/PSP_004673_0935_RED-0136.jpg,ok,,JPEG,227.0,227.0,L,1.0,1.0,normal,swiss cheese,test,psp_004673_0935_red-0136,[],a9de79c28166ad2e176c1de88b539bfa06c58efb1a857d191c0df635b2968d80,6671b436839c25ade23b47509ef2b14bd6c78930ad8049d746a9936c10d0ecbc,85fa07e01f817ca7,135.7630848648334,39.10216921714534,d7fc03053f24d455,[],6.0,psp_004673_0935,['test'],1.0,Counter({'test': 1}),val,edbfc807a0aec8f6,True,hirise_clean,0,C:\Users\deves\OneDrive\Desktop\Projects\TCMD-SS\data\raw\hirise_v3_2\map-proj-v3_2\PSP_004673_0935_RED-0136.jpg,0.5885524749755859,0.3800168037414551,9.99085521697998,5.02229014506416
map-proj-v3_2/ESP_015897_2655_RED-0015.jpg,ok,,JPEG,227.0,227.0,L,1.0,1.0,normal,spider,val,esp_015897_2655_red-0015,[],86e3b97fd53f20091b3b0d7b7193ca53332a4c2cb313a3906381e7e792a5f807,b81db3b6669d876c3036ba6d49ec5b23318fdb7051c04c55c4b92ef02bf081c4,8df09ec17c1318e7,77.96617438723825,27.188223912787223,7805d37477a6a682,[],7.0,esp_015897_2655,['val'],2.0,Counter({'val': 2}),val,edbfc807a0aec8f6,True,hirise_clean,0,C:\Users\deves\OneDrive\Desktop\Projects\TCMD-SS\data\raw\hirise_v3_2\map-proj-v3_2\ESP_015897_2655_RED-0015.jpg,0.4797997772693634,0.42213037610054016,2.7949371337890625,4.6853630020920205
map-proj-v3_2/ESP_016648_1665_RED-0071.jpg,ok,,JPEG,227.0,227.0,L,1.0,1.0,normal,other,test,esp_016648_1665_red-0071,[],9d701f7a2133e31eb355dfdd25c9dd0acef8d7f00a19ae64629656b4f5dbf828,9cdf0e82a89fdd83a9fa2d8f6477e7a626b1ee597a1d7acb12898d3a7722c988,ced2d135c5551d31,111.7719148440684,22.953071522313817,f26e5db2ac558226,[],0.0,esp_016648_1665,['test'],1.0,Counter({'test': 1}),val,59d2c6861deea26d,True,hirise_clean,0,C:\Users\deves\OneDrive\Desktop\Projects\TCMD-SS\data\raw\hirise_v3_2\map-proj-v3_2\ESP_016648_1665_RED-0071.jpg,0.29242971539497375,0.47032710909843445,4.891353607177734,7.420490254041768
map-proj-v3_2/PSP_008462_1440_RED-0092.jpg,ok,,JPEG,227.0,227.0,L,1.0,1.0,normal,crater,val,psp_008462_1440_red-0092,[],2a8d1dde72b464f072055930446d7ac74998e088a6a4ab5a85b14950a7c4238f,db01726dc4f29d7f5851797f02d86068f8424b3264255974db679eb03b4e4b01,bb26c4993167cd8a,81.90061906887384,26.346027790730297,5b05217f3569dcbd,[],1.0,psp_008462_1440,['val'],1.0,Counter({'val': 1}),val,59d2c6861deea26d,True,hirise_clean,0,C:\Users\deves\OneDrive\Desktop\Projects\TCMD-SS\data\raw\hirise_v3_2\map-proj-v3_2\PSP_008462_1440_RED-0092.jpg,0.3734806180000305,0.3703189492225647,5.425241470336914,4.5242775430671855
map-proj-v3_2/ESP_033955_2065_RED-0019.jpg,ok,,JPEG,227.0,227.0,L,1.0,1.0,normal,dark dune,train,esp_033955_2065_red-0019,[],6754c7f8c17913c0f33487bfc9c3c6b90aa843a98fb45bff79a992e71a2547d2,f9681f5ea0d49629416236c9a6a648df63176f419bb926f5a7599b29f9487e13,807a4ad1b42f4bf3,54.511129655145645,23.77499037284753,4ae93056ee0462c8,[],2.0,esp_033955_2065,['train'],1.0,Counter({'train': 1}),val,ff393e6c547ee767,True,hirise_clean,0,C:\Users\deves\OneDrive\Desktop\Projects\TCMD-SS\data\raw\hirise_v3_2\map-proj-v3_2\ESP_033955_2065_RED-0019.jpg,0.39008331298828125,0.5184259414672852,0.9849997758865356,4.901436737059548
map-proj-v3_2/ESP_012971_2015_RED-0203.jpg,ok,,JPEG,227.0,227.0,L,1.0,1.0,normal,slope streak,val,esp_012971_2015_red-0203,[],9b4353b2025c2cb552ced005103a71fea27076f051d0d11d660b013c3c16b0dc,dceda97b778660f6e039bb162dd75f97acf6bddee3047e532ceaad283eea1347,856c2e33998d99ec,186.72271924547343,25.254103920802564,ea51f412d3cad165,[],3.0,esp_012971_2015,['val'],1.0,Counter({'val': 1}),val,44f19f6daa37be2b,True,hirise_clean,0,C:\Users\deves\OneDrive\Desktop\Projects\TCMD-SS\data\raw\hirise_v3_2\map-proj-v3_2\ESP_012971_2015_RED-0203.jpg,0.623355507850647,0.4713881015777588,2.4203548431396484,5.138555005249066
map-proj-v3_2/ESP_016631_2535_RED-0116.jpg,ok,,JPEG,227.0,227.0,L,1.0,1.0,normal,bright dune,train,esp_016631_2535_red-0116,[],e278090d897152bd8787ade13b3251b5388466897774c9c7c47bcf47e1465a34,0868db8a8178f695c097f1d9a5ebbe09900bea08e480f3f30ba61e30f29a199f,eda28d3626cb5964,142.90898329096237,23.133050424064432,8e356fa503e491c5,[],4.0,esp_016631_2535,['train'],1.0,Counter({'train': 1}),val,501845ae468bdee7,True,hirise_clean,0,C:\Users\deves\OneDrive\Desktop\Projects\TCMD-SS\data\raw\hirise_v3_2\map-proj-v3_2\ESP_016631_2535_RED-0116.jpg,0.38558536767959595,0.4827040731906891,7.963476181030273,5.892025321255918
map-proj-v3_2/ESP_046549_1790_RED-0141.jpg,ok,,JPEG,227.0,227.0,L,1.0,1.0,normal,impact ejecta,train,esp_046549_1790_red-0141,[],86566ae816c58e9e21e1072b70519c728371cee207db8c1c8c6965afd631866c,af8c5ff780bc87d4aa2922b5a1aaa95aaf58ec1e3b06a6eefd770a76d1f2d853,e40492db616ebc73,111.72396126453066,27.730228021074268,b2a58d8f13416b22,[],5.0,esp_046549_1790,['train'],2.0,Counter({'train': 2}),val,1a05a783ca59cf66,True,hirise_clean,0,C:\Users\deves\OneDrive\Desktop\Projects\TCMD-SS\data\raw\hirise_v3_2\map-proj-v3_2\ESP_046549_1790_RED-0141.jpg,0.29587090015411377,0.498871386051178,3.1551835536956787,6.644753821600454
map-proj-v3_2/PSP_004673_0935_RED-0062.jpg,ok,,JPEG,227.0,227.0,L,1.0,1.0,normal,swiss cheese,test,psp_004673_0935_red-0062,[],9e14997347e7b0f1b9b15d11d258ccea5fbdd45ec8ba7c7b13479d8e5c3ce78d,39a17579a51ad282061e845b71b6d299c83af01c0283525af77dd7eb5ca511da,87cab0d6764ca1e3,125.92184983213336,17.259589359352113,b472b54933c10640,[],6.0,psp_004673_0935,['test'],1.0,Counter({'test': 1}),val,edbfc807a0aec8f6,True,hirise_clean,0,C:\Users\deves\OneDrive\Desktop\Projects\TCMD-SS\data\raw\hirise_v3_2\map-proj-v3_2\PSP_004673_0935_RED-0062.jpg,0.29599615931510925,0.4103679060935974,3.0059430599212646,5.134730439628297
map-proj-v3_2/ESP_015897_2655_RED-0035.jpg,ok,,JPEG,227.0,227.0,L,1.0,1.0,normal,spider,val,esp_015897_2655_red-0035,[],43afa7a705fa0fc57ae922d5ca4029031735749186d15d8f7802eae957ef8f20,e82c1742c17d26208f1012de4e8dd1ab2c52dafed55754fcf1998476e6cc3738,b369cc8a21b3cee4,101.70960041918144,8.801308412008462,cc577d46d5d502bf,[],7.0,esp_015897_2655,['val'],2.0,Counter({'val': 2}),val,edbfc807a0aec8f6,True,hirise_clean,0,C:\Users\deves\OneDrive\Desktop\Projects\TCMD-SS\data\raw\hirise_v3_2\map-proj-v3_2\ESP_015897_2655_RED-0035.jpg,0.208281472325325,0.4563692808151245,0.7890481948852539,5.000765186571044
map-proj-v3_2/PSP_005072_1375_RED-0466.jpg,ok,,JPEG,227.0,227.0,L,1.0,1.0,normal,other,train,psp_005072_1375_red-0466,[],8ceaa0b715a56a31792ad75db385dcf4b1c51a51f1519d604afeb60136acbdbf,ed0a7447a15b9aa1f41f23461eac9ee3f086a7fa837b09e5bc487454ec71b656,e5f4b0847e3f88d0,127.13019852898368,15.22520718814837,bc4d37de09070d6d,[],0.0,psp_005072_1375,['train'],1.0,Counter({'train': 1}),val,85807df842ffbed7,True,hirise_clean,0,C:\Users\deves\OneDrive\Desktop\Projects\TCMD-SS\data\raw\hirise_v3_2\map-proj-v3_2\PSP_005072_1375_RED-0466.jpg,0.28676754236221313,0.4969850182533264,1.7336505651474,5.3251675102499885
map-proj-v3_2/PSP_008462_1440_RED-0107.jpg,ok,,JPEG,227.0,227.0,L,1.0,1.0,normal,crater,val,psp_008462_1440_red-0107,[],a92c2ebf984da3f147ca01442d714a33728384672ef3c1480e8e0f96438011ad,3c46e85561304b059699a3acd469728a7c06c89b21372e722ac946042f93ee85,cca07287ac7a5d99,76.36604630402297,14.484750067760269,5a13f5ff376f1558,[],1.0,psp_008462_1440,['val'],1.0,Counter({'val': 1}),val,59d2c6861deea26d,True,hirise_clean,0,C:\Users\deves\OneDrive\Desktop\Projects\TCMD-SS\data\raw\hirise_v3_2\map-proj-v3_2\PSP_008462_1440_RED-0107.jpg,0.24854274094104767,0.35961824655532837,1.3563050031661987,4.483968817047831
map-proj-v3_2/ESP_033955_2065_RED-0047.jpg,ok,,JPEG,227.0,227.0,L,1.0,1.0,normal,dark dune,train,esp_033955_2065_red-0047,[],e7f6253b25d5c801ea36d99d41e1cf2cc0e73ba9e86b155422cee697c8fb1b4f,e97966a94585532d8bcdb9854fd3971a3073513cf3b0496f382882cca0aacea0,943a6c8932f6e5cc,38.745948883153176,22.368874260356208,894a36a7f7ddb799,[],2.0,esp_033955_2065,['train'],1.0,Counter({'train': 1}),val,ff393e6c547ee767,True,hirise_clean,0,C:\Users\deves\OneDrive\Desktop\Projects\TCMD-SS\data\raw\hirise_v3_2\map-proj-v3_2\ESP_033955_2065_RED-0047.jpg,0.4371405243873596,0.45778968930244446,1.0717862844467163,4.583842196070748
map-proj-v3_2/ESP_012971_2015_RED-0328.jpg,ok,,JPEG,227.0,227.0,L,1.0,1.0,normal,slope streak,val,esp_012971_2015_red-0328,[],a537e6856a0d2fd395d40da220b66a9c3c93f7d67cf089c4078fa85d3ec7e47a,cee911a7f4b247b2e43b7993dd0a217079230f75ed4489e16467cead916d6dd6,80d5cbc90d4fa567,167.1762696733878,22.83593107698097,d3f44c8ec0920226,[],3.0,esp_012971_2015,['val'],1.0,Counter({'val': 1}),val,44f19f6daa37be2b,True,hirise_clean,0,C:\Users\deves\OneDrive\Desktop\Projects\TCMD-SS\data\raw\hirise_v3_2\map-proj-v3_2\ESP_012971_2015_RED-0328.jpg,0.49671897292137146,0.48004046082496643,1.8820897340774536,5.526011577394047
map-proj-v3_2/ESP_016631_2535_RED-0166.jpg,ok,,JPEG,227.0,227.0,L,1.0,1.0,normal,bright dune,train,esp_016631_2535_red-0166,[],37c721630242b8aec707fe17fa9f220931c90067a2caffda1b83d2fbadcc01e2,7fa338443ae46fd4b60a44b75710af401de90db959a20f646d7659aaa9bd84c9,aee0995d447e3b88,156.95812066991402,22.37937650038656,e45959b35d59860f,[],4.0,esp_016631_2535,['train'],1.0,Counter({'train': 1}),val,501845ae468bdee7,True,hirise_clean,0,C:\Users\deves\OneDrive\Desktop\Projects\TCMD-SS\data\raw\hirise_v3_2\map-proj-v3_2\ESP_016631_2535_RED-0166.jpg,0.4264160692691803,0.4517338275909424,5.06583309173584,5.138803233541414
map-proj-v3_2/ESP_046549_1790_RED-0153.jpg,ok,,JPEG,227.0,227.0,L,1.0,1.0,normal,impact ejecta,train,esp_046549_1790_red-0153,[],b3c0a69e4cfe48e717cd3434da6567f7b627019c133672d1d510bba1ad94b0e7,bb0151ed290d800942ccb286dd06d79375f1e92c551c1b4a84d19023815156d8,80f08fd97139b366,85.50070833899358,34.63399035819929,a7e6f24afd3fff41,[],5.0,esp_046549_1790,['train'],2.0,Counter({'train': 2}),val,1a05a783ca59cf66,True,hirise_clean,0,C:\Users\deves\OneDrive\Desktop\Projects\TCMD-SS\data\raw\hirise_v3_2\map-proj-v3_2\ESP_046549_1790_RED-0153.jpg,0.5100120306015015,0.45089173316955566,7.369446754455566,4.537170483547059
map-proj-v3_2/PSP_004673_0935_RED-0007.jpg,ok,,JPEG,227.0,227.0,L,1.0,1.0,normal,swiss cheese,test,psp_004673_0935_red-0007,[],3a5dd51fe5d2feb672546901415e46720426a9dd3bc4c9e503c3f684fecdd27f,f8f3bb59a939061a664afb585dcaa29eebaee1405f02ae829ddea5ba2e8cbe4b,cc91d7c7927d504a,110.86283452036716,15.379935727846316,92ff69a8daf32ccd,[],6.0,psp_004673_0935,['test'],1.0,Counter({'test': 1}),val,edbfc807a0aec8f6,True,hirise_clean,0,C:\Users\deves\OneDrive\Desktop\Projects\TCMD-SS\data\raw\hirise_v3_2\map-proj-v3_2\PSP_004673_0935_RED-0007.jpg,0.25728148221969604,0.4700012505054474,2.8360397815704346,4.49341272206623
map-proj-v3_2/ESP_012971_2015_RED-0342.jpg,ok,,JPEG,227.0,227.0,L,1.0,1.0,normal,other,val,esp_012971_2015_red-0342,[],85d0af9e69aea5dda200f2287b2daaf5d3e4ea5223bddcba41fa294f8571f422,62d0b11398725b6bae2b0cb40f1f849ab4b4b31b3be908356e932b5a57febd20,8e8749d3ad42756a,105.72830833123096,74.00946170216994,4df0966c25370c33,[],0.0,esp_012971_2015,['val'],1.0,Counter({'val': 1}),val,44f19f6daa37be2b,True,hirise_clean,0,C:\Users\deves\OneDrive\Desktop\Projects\TCMD-SS\data\raw\hirise_v3_2\map-proj-v3_2\ESP_012971_2015_RED-0342.jpg,0.6515567898750305,0.39927783608436584,7.0714826583862305,5.405183484229199
map-proj-v3_2/ESP_025163_1890_RED-0093.jpg,ok,,JPEG,227.0,227.0,L,1.0,1.0,normal,crater,train,esp_025163_1890_red-0093,[],374fdf17021d5a1fd528ced7d1c6b54f791a7ba914ed41f5986b53ae68febd63,4008c9d3f332e35a90e743f3f90d665a5391dd1d7a627ffc92b89e65ec5b39ad,ea3a5a434e4c3f31,168.85916668283878,15.430309495813452,1b599cf57ee5455a,[],1.0,esp_025163_1890,['train'],1.0,Counter({'train': 1}),val,59d2c6861deea26d,True,hirise_clean,0,C:\Users\deves\OneDrive\Desktop\Projects\TCMD-SS\data\raw\hirise_v3_2\map-proj-v3_2\ESP_025163_1890_RED-0093.jpg,0.47075116634368896,0.4923621416091919,2.596447229385376,5.615373036821279
map-proj-v3_2/ESP_033955_2065_RED-0035.jpg,ok,,JPEG,227.0,227.0,L,1.0,1.0,normal,dark dune,train,esp_033955_2065_red-0035,[],f7c00e63cd1eede2391cf0208961f8a66e0d25d41b4eacee3f7f5e6664552c6f,a7aac3bb885862ba68da4972748635583e696fb87debf0ad42e79155f3b2bd6c,8f67583166cc9366,36.38069824758874,25.879717967962552,4be77c060ff16ff6,[],2.0,esp_033955_2065,['train'],1.0,Counter({'train': 1}),val,ff393e6c547ee767,True,hirise_clean,0,C:\Users\deves\OneDrive\Desktop\Projects\TCMD-SS\data\raw\hirise_v3_2\map-proj-v3_2\ESP_033955_2065_RED-0035.jpg,0.5092872381210327,0.4112740457057953,2.379352331161499,5.136113253853381
map-proj-v3_2/ESP_020421_1810_RED-0079.jpg,ok,,JPEG,227.0,227.0,L,1.0,1.0,normal,slope streak,test,esp_020421_1810_red-0079,[],a3b245e40b9114f0e2ebaf67fc42d0ba457130a7b05b547547d69736083265fc,93d79fef75038f626697892f7d21ae6499a5ea2eac0ce574d28e39794c93525b,d5523acd6d86e223,132.64652913893147,53.58121074159163,bee19b4a2384aaf8,[],3.0,esp_020421_1810,['test'],1.0,Counter({'test': 1}),val,4976a8ffc9a34a67,True,hirise_clean,0,C:\Users\deves\OneDrive\Desktop\Projects\TCMD-SS\data\raw\hirise_v3_2\map-proj-v3_2\ESP_020421_1810_RED-0079.jpg,0.4786142408847809,0.39643970131874084,10.224344253540039,4.39499228740115
map-proj-v3_2/ESP_016631_2535_RED-0140.jpg,ok,,JPEG,227.0,227.0,L,1.0,1.0,normal,bright dune,train,esp_016631_2535_red-0140,[],bf855282101c97b3bcff6350b7e15b8571accdb7c06fb3d13d630affea0e3a1e,df8f6134278709035a2b5e8137e207cc09bc0ed9b67aa635aa4ea3101344f394,8c24f39d0d6433dd,156.10141861864193,18.16558803573458,e5a33d3c698030bb,[],4.0,esp_016631_2535,['train'],1.0,Counter({'train': 1}),val,501845ae468bdee7,True,hirise_clean,0,C:\Users\deves\OneDrive\Desktop\Projects\TCMD-SS\data\raw\hirise_v3_2\map-proj-v3_2\ESP_016631_2535_RED-0140.jpg,0.41461363434791565,0.4647342562675476,3.475879430770874,4.975522982935149
map-proj-v3_2/ESP_015897_2655_RED-0023.jpg,ok,,JPEG,227.0,227.0,L,1.0,1.0,normal,impact ejecta,val,esp_015897_2655_red-0023,[],88d99a48e8dd644d973f759238248713746d326e684e972a112d3de5b573d61a,012c2ed66e1359f8598736bb3bb0d9d3a29ae2de7b7020e02ace51e87d85ae7d,b742c87c6296d92d,112.90558714510276,10.314582338212054,5bf7c8250c546bb1,[],5.0,esp_015897_2655,['val'],2.0,Counter({'val': 2}),val,edbfc807a0aec8f6,True,hirise_clean,0,C:\Users\deves\OneDrive\Desktop\Projects\TCMD-SS\data\raw\hirise_v3_2\map-proj-v3_2\ESP_015897_2655_RED-0023.jpg,0.23035824298858643,0.48153144121170044,0.8237309455871582,6.279897617262821
map-proj-v3_2/PSP_004673_0935_RED-0033.jpg,ok,,JPEG,227.0,227.0,L,1.0,1.0,normal,swiss cheese,test,psp_004673_0935_red-0033,[],6b3563a5066699212e83cf591d292b421fef341826ef37e630f4770e4208c9e2,cc74919629d038296db3157f56a16cda83897feeb526f135399f5424eee2d712,86f80fe03e80bccf,112.44380834093424,32.652779845720225,a48f4c4142cf1b53,[],6.0,psp_004673_0935,['test'],1.0,Counter({'test': 1}),val,edbfc807a0aec8f6,True,hirise_clean,0,C:\Users\deves\OneDrive\Desktop\Projects\TCMD-SS\data\raw\hirise_v3_2\map-proj-v3_2\PSP_004673_0935_RED-0033.jpg,0.5225132703781128,0.35775065422058105,6.766572952270508,4.67250330895596
map-proj-v3_2/PSP_006879_2335_RED-0829.jpg,ok,,JPEG,227.0,227.0,L,1.0,1.0,normal,other,train,psp_006879_2335_red-0829,[],56f879e23c245bdd17265bed413e0d544e5976d24e01badf34f060d7ff2d25fb,42a9672486bb7df90fc4b77dca51a1e1daa8c439e4c0018104c6e93ef785f280,91ecde62739b8d40,113.1159929360166,17.048136976463066,c7d31a8577a48429,[],0.0,psp_006879_2335,['train'],1.0,Counter({'train': 1}),val,59d2c6861deea26d,True,hirise_clean,0,C:\Users\deves\OneDrive\Desktop\Projects\TCMD-SS\data\raw\hirise_v3_2\map-proj-v3_2\PSP_006879_2335_RED-0829.jpg,0.2570730149745941,0.3927096724510193,1.1259469985961914,4.590027883743524
map-proj-v3_2/PSP_008462_1440_RED-0032.jpg,ok,,JPEG,227.0,227.0,L,1.0,1.0,normal,crater,val,psp_008462_1440_red-0032,[],d34e534ae8cb309a0ab048ebae0d9f578b38d1df1847a897bd17730acd1d6e46,36e4ff7d3d2cd7c94645f42a7a57142b734a2477f8d009c920db409304ac49ae,e3ba8c0833760d9f,76.51068330454696,17.816808169735555,e660bd2143745dd2,[],1.0,psp_008462_1440,['val'],1.0,Counter({'val': 1}),val,59d2c6861deea26d,True,hirise_clean,0,C:\Users\deves\OneDrive\Desktop\Projects\TCMD-SS\data\raw\hirise_v3_2\map-proj-v3_2\PSP_008462_1440_RED-0032.jpg,0.2993580102920532,0.3248126208782196,2.5500283241271973,4.678203841750092
map-proj-v3_2/ESP_033955_2065_RED-0015.jpg,ok,,JPEG,227.0,227.0,L,1.0,1.0,normal,dark dune,train,esp_033955_2065_red-0015,[],8042d612d1e02fef6423ed8a06534ce10fdd37c1b53d727f291e31a88a36660d,808babdd8884aedaf5c7a964c7913ec7b0c5fca373d2db6f1abc47338725aeb0,edc913461c670f0f,66.92937957266781,23.26159218845054,f564e772fce48640,[],2.0,esp_033955_2065,['train'],1.0,Counter({'train': 1}),val,ff393e6c547ee767,True,hirise_clean,0,C:\Users\deves\OneDrive\Desktop\Projects\TCMD-SS\data\raw\hirise_v3_2\map-proj-v3_2\ESP_033955_2065_RED-0015.jpg,0.27909979224205017,0.5908021330833435,1.2324949502944946,5.769050165344352
map-proj-v3_2/ESP_020421_1810_RED-0013.jpg,ok,,JPEG,227.0,227.0,L,1.0,1.0,normal,slope streak,test,esp_020421_1810_red-0013,[],be332c3188b18ff883a15257dcef87584a22375c28aab69f7a973b6060c3d61f,cbf0f2a584fe9642a67bcf9ac7c97fdd9d98a21bcd326f6d0102f9a3bec03bba,94e0ea3df10ff881,191.2749907818898,17.898651514301424,817f0e0106bf77f3,[],3.0,esp_020421_1810,['test'],1.0,Counter({'test': 1}),val,4976a8ffc9a34a67,True,hirise_clean,0,C:\Users\deves\OneDrive\Desktop\Projects\TCMD-SS\data\raw\hirise_v3_2\map-proj-v3_2\ESP_020421_1810_RED-0013.jpg,0.6246671676635742,0.4054904580116272,1.9297897815704346,3.8827606614615386
map-proj-v3_2/ESP_016631_2535_RED-0148.jpg,ok,,JPEG,227.0,227.0,L,1.0,1.0,normal,bright dune,train,esp_016631_2535_red-0148,[],070315fafa8f34f758c9cc12ea2e8a53a4d10f585878f533332001bc91616dd8,e979ca89448f2f26e71b1a348a1ff1d986c2d8eaf73d6bae38b517097cdd4950,af609b90ed02f29d,161.652622794931,14.94803820390681,e8b512dcbda065f0,[],4.0,esp_016631_2535,['train'],1.0,Counter({'train': 1}),val,501845ae468bdee7,True,hirise_clean,0,C:\Users\deves\OneDrive\Desktop\Projects\TCMD-SS\data\raw\hirise_v3_2\map-proj-v3_2\ESP_016631_2535_RED-0148.jpg,0.42468273639678955,0.44411176443099976,2.5859525203704834,4.888468214784727
map-proj-v3_2/ESP_039350_1915_RED-0109.jpg,ok,,JPEG,227.0,227.0,L,1.0,1.0,normal,impact ejecta,train,esp_039350_1915_red-0109,[],83b8c5b21a00279cb8596cf9f116fc1d7e6d6eb36f5f4bdd5b0a35cac05683a1,f418ac86534c2f38af64008cb6239ef12ac6ae5de2385327f3ef5fa2d922288c,b3d98c3171ce8e31,135.90710085582876,25.91950552745117,019b529b2eb76bdd,[],5.0,esp_039350_1915,['train'],2.0,Counter({'train': 2}),val,57c12beb5e3347f5,True,hirise_clean,0,C:\Users\deves\OneDrive\Desktop\Projects\TCMD-SS\data\raw\hirise_v3_2\map-proj-v3_2\ESP_039350_1915_RED-0109.jpg,0.35275810956954956,0.431385338306427,3.4260473251342773,4.453146422085641
map-proj-v3_2/PSP_004673_0935_RED-0126.jpg,ok,,JPEG,227.0,227.0,L,1.0,1.0,normal,swiss cheese,test,psp_004673_0935_red-0126,[],6f897b788c4e3775898fd3ed9d45457628464fb5c9565156e5ccf67a75682b4c,254575b33f7dff9ba50d125f5b16a032750154f45b75f066fb7a59cee2fd21c0,f3a09c5a81c00fff,136.99272254458654,14.656196510642056,632b4f84b030e457,[],6.0,psp_004673_0935,['test'],1.0,Counter({'test': 1}),val,edbfc807a0aec8f6,True,hirise_clean,0,C:\Users\deves\OneDrive\Desktop\Projects\TCMD-SS\data\raw\hirise_v3_2\map-proj-v3_2\PSP_004673_0935_RED-0126.jpg,0.32801589369773865,0.38848358392715454,2.6201536655426025,4.327801056428998
map-proj-v3_2/ESP_011623_2100_RED-0367.jpg,ok,,JPEG,227.0,227.0,L,1.0,1.0,normal,other,train,esp_011623_2100_red-0367,[],9b39f18a7d91daee17067400c378f311a15ba02054a2a5a899aef441ab1cece6,78d2f173bf96151de4c7543db0de5a075e7460efabeab1319a1cbf0dc420a033,db6d36598046647e,64.42948630868055,45.69910627695324,210dbc1996abd163,[],0.0,esp_011623_2100,['train'],1.0,Counter({'train': 1}),val,eb8c04e9d753e391,True,hirise_clean,0,C:\Users\deves\OneDrive\Desktop\Projects\TCMD-SS\data\raw\hirise_v3_2\map-proj-v3_2\ESP_011623_2100_RED-0367.jpg,0.4198874533176422,0.35545235872268677,6.203208923339844,5.961791896449747
map-proj-v3_2/ESP_026472_1410_RED-0118.jpg,ok,,JPEG,227.0,227.0,L,1.0,1.0,normal,crater,train,esp_026472_1410_red-0118,[],6b754918fcabf95ebb7ca583c1994e430bf5f41e0324f5757e342715b6e7e8ff,365a004f0bd563b333d192958aaec34aac413e8fc77671c55a4d8777b81f3fbe,ca93a3a326de306e,73.54610025422578,26.577048603731868,447f174ab1d1a81b,[],1.0,esp_026472_1410,['train'],1.0,Counter({'train': 1}),val,59d2c6861deea26d,True,hirise_clean,0,C:\Users\deves\OneDrive\Desktop\Projects\TCMD-SS\data\raw\hirise_v3_2\map-proj-v3_2\ESP_026472_1410_RED-0118.jpg,0.3588503301143646,0.41152316331863403,9.28278636932373,4.380880954717193
map-proj-v3_2/ESP_033955_2065_RED-0022.jpg,ok,,JPEG,227.0,227.0,L,1.0,1.0,normal,dark dune,train,esp_033955_2065_red-0022,[],967e2c46628cef2cb5ad8bb5ea06f0d633823a2c3908777988089d9f9b8426d8,f7299e15e72de984b7e2ea7740905f97a4e0fced7de8e8524e67f290a59b9f21,d57a6b841f60479c,35.86805488171709,13.897251967223642,ce2f47fb67d37ca6,[],2.0,esp_033955_2065,['train'],1.0,Counter({'train': 1}),val,ff393e6c547ee767,True,hirise_clean,0,C:\Users\deves\OneDrive\Desktop\Projects\TCMD-SS\data\raw\hirise_v3_2\map-proj-v3_2\ESP_033955_2065_RED-0022.jpg,0.40200015902519226,0.4867081940174103,1.000287652015686,5.156688855675816
map-proj-v3_2/ESP_034268_1795_RED-0360.jpg,ok,,JPEG,227.0,227.0,L,1.0,1.0,normal,slope streak,val,esp_034268_1795_red-0360,[],67d60eb8b0bee63ab632efd155bafb6e6353fd0f926d4cde4f0039a1b956e619,394ede5ea6bc3775282b7d0ebb5c6e33c2012914f3beffc8a7261f20828c8709,884bfd044edd287b,141.81177589318636,18.218932571745142,47247ddc1325751c,[],3.0,esp_034268_1795,['val'],1.0,Counter({'val': 1}),val,3d3af0ffc91f037f,True,hirise_clean,0,C:\Users\deves\OneDrive\Desktop\Projects\TCMD-SS\data\raw\hirise_v3_2\map-proj-v3_2\ESP_034268_1795_RED-0360.jpg,0.3499402701854706,0.4727577269077301,0.868538498878479,5.302298316773921
map-proj-v3_2/ESP_016683_2535_RED-0037.jpg,ok,,JPEG,227.0,227.0,L,1.0,1.0,normal,bright dune,train,esp_016683_2535_red-0037,[],e4f7737c6e95dc6fd99906093f7e1f264f2226f900edca1e236c952dd6164cb9,cc78a1006347d8427b179a6d662e0823fd20261e812245e61f131ced8e12fba0,da6999c99f007c8e,124.80139339012985,77.24030583964714,89041462cf03ef91,[],4.0,esp_016683_2535,['train'],1.0,Counter({'train': 1}),val,501845ae468bdee7,True,hirise_clean,0,C:\Users\deves\OneDrive\Desktop\Projects\TCMD-SS\data\raw\hirise_v3_2\map-proj-v3_2\ESP_016683_2535_RED-0037.jpg,0.5644627809524536,0.40605032444000244,11.5090913772583,4.760910912358805
map-proj-v3_2/ESP_015897_2655_RED-0039.jpg,ok,,JPEG,227.0,227.0,L,1.0,1.0,normal,impact ejecta,val,esp_015897_2655_red-0039,[],7bbf3da02bbfca5bd2a39b2cccae3f26fb91082e554e628f97ab232563749d8b,53f62cb9c2d0b055296dfd1ec6829dd2797248aef04e0d9ebd9273fa7222c453,f3a3dc6c3712cc24,131.15750354169498,8.632295110677532,98e2a64f4fd55678,[],5.0,esp_015897_2655,['val'],2.0,Counter({'val': 2}),val,edbfc807a0aec8f6,True,hirise_clean,0,C:\Users\deves\OneDrive\Desktop\Projects\TCMD-SS\data\raw\hirise_v3_2\map-proj-v3_2\ESP_015897_2655_RED-0039.jpg,0.2843310236930847,0.4398250877857208,0.7958846092224121,6.0783429220100835
map-proj-v3_2/PSP_004673_0935_RED-0138.jpg,ok,,JPEG,227.0,227.0,L,1.0,1.0,normal,swiss cheese,test,psp_004673_0935_red-0138,[],15914e00bb200bec888283ef5653c188d1973e29340e409f3663b9f62a57b8e5,cecda338ecb3cf1b53cc4f993d45ce549b64788f01deab0c92ca84e21c51a5c8,8203030f0f3f7f7c,141.28147256884472,34.191753481922994,e82eaa4cd53bd331,[],6.0,psp_004673_0935,['test'],1.0,Counter({'test': 1}),val,edbfc807a0aec8f6,True,hirise_clean,0,C:\Users\deves\OneDrive\Desktop\Projects\TCMD-SS\data\raw\hirise_v3_2\map-proj-v3_2\PSP_004673_0935_RED-0138.jpg,0.5675089955329895,0.4479047358036041,7.720285892486572,4.918380744741798
map-proj-v3_2/PSP_006879_2335_RED-0380.jpg,ok,,JPEG,227.0,227.0,L,1.0,1.0,normal,other,train,psp_006879_2335_red-0380,[],07b60f4a9a4417b6d7acff71afddb690e0a3aee6b5504146e7953f03b89889a2,be4ee834f66f6aa58f08b0dd38c984d4af35ed0d8fd8ef1a350c11984f2e3fbb,fd21b98c224bad55,143.35120029497952,18.39794378682312,12abfa304da565e9,[],0.0,psp_006879_2335,['train'],1.0,Counter({'train': 1}),val,59d2c6861deea26d,True,hirise_clean,0,C:\Users\deves\OneDrive\Desktop\Projects\TCMD-SS\data\raw\hirise_v3_2\map-proj-v3_2\PSP_006879_2335_RED-0380.jpg,0.35126233100891113,0.3210828900337219,1.049060344696045,4.868925593829633
map-proj-v3_2/ESP_026472_1410_RED-0290.jpg,ok,,JPEG,227.0,227.0,L,1.0,1.0,normal,crater,train,esp_026472_1410_red-0290,[],accc21f561f5128fdc11996de33f79f1f277626f39685314adedd6d3dc279af3,b0a4ec759bb4d5e24ae5de5cd23f1ec9006cf1a212c8c11dc335d5ec9a0a96ad,9b86ac193367ce89,101.25913563236236,19.96261072723021,e7907bb27d193064,[],1.0,esp_026472_1410,['train'],1.0,Counter({'train': 1}),val,59d2c6861deea26d,True,hirise_clean,0,C:\Users\deves\OneDrive\Desktop\Projects\TCMD-SS\data\raw\hirise_v3_2\map-proj-v3_2\ESP_026472_1410_RED-0290.jpg,0.33842235803604126,0.4340367019176483,3.6073415279388428,5.3958631266322685
map-proj-v3_2/ESP_033955_2065_RED-0021.jpg,ok,,JPEG,227.0,227.0,L,1.0,1.0,normal,dark dune,train,esp_033955_2065_red-0021,[],7b729c530b4e5ec668c24a2920365be544ee34c6c50831c788c02542bd0f9b3e,4331b315c2c70a3c5e91059f0410aaf954d8bc973fbe5fbc44bff408cd54d7bb,9b376ac99e30e0c6,46.81703506763182,19.37894275441927,4a1a63433542bed4,[],2.0,esp_033955_2065,['train'],1.0,Counter({'train': 1}),val,ff393e6c547ee767,True,hirise_clean,0,C:\Users\deves\OneDrive\Desktop\Projects\TCMD-SS\data\raw\hirise_v3_2\map-proj-v3_2\ESP_033955_2065_RED-0021.jpg,0.3847063481807709,0.5605411529541016,0.9580051898956299,4.515025417158339
map-proj-v3_2/ESP_012971_2015_RED-0228.jpg,ok,,JPEG,227.0,227.0,L,1.0,1.0,normal,slope streak,val,esp_012971_2015_red-0228,[],982ee97638cb50a94f74521511fa31e046b51ef6d8cd28fd634ed45bdf188599,3582fe55d5d7d4cf43d1c4544f8aaaedf9494bd78270c57b68dee3e8989b8d12,89c565999b992537,174.16941916202526,28.64194781596081,15e3e93920d681b7,[],3.0,esp_012971_2015,['val'],1.0,Counter({'val': 1}),val,44f19f6daa37be2b,True,hirise_clean,0,C:\Users\deves\OneDrive\Desktop\Projects\TCMD-SS\data\raw\hirise_v3_2\map-proj-v3_2\ESP_012971_2015_RED-0228.jpg,0.5691253542900085,0.5638760924339294,1.0630598068237305,5.86009812701143
map-proj-v3_2/ESP_016683_2535_RED-0008.jpg,ok,,JPEG,227.0,227.0,L,1.0,1.0,normal,bright dune,train,esp_016683_2535_red-0008,[],8699ba5be2cb8b6d1a40302aafc438a3d9c7379f867d2fdadddfb0f51489e6a6,a1f9d221f359cff721fa22a558cdf2a8429861596675a1a1c7a8df80ccaaa16a,b319cccc7313c9e1,178.89355508548584,20.01125318961472,90ac43f317634350,[],4.0,esp_016683_2535,['train'],1.0,Counter({'train': 1}),val,501845ae468bdee7,True,hirise_clean,0,C:\Users\deves\OneDrive\Desktop\Projects\TCMD-SS\data\raw\hirise_v3_2\map-proj-v3_2\ESP_016683_2535_RED-0008.jpg,0.5447623133659363,0.4696318805217743,6.531810283660889,5.100030447011359
map-proj-v3_2/ESP_018299_2245_RED-0193.jpg,ok,,JPEG,227.0,227.0,L,1.0,1.0,normal,impact ejecta,train,esp_018299_2245_red-0193,[],cd55db372d60c0de25942f32db399bf5b9acb364141c232d22780b1b3d05ba7b,ac5057ff79fba98103601e0a20566bc8e92152bc0fdb57edceeea5d83af371ca,e6e4c3b754403ed2,126.60173882668012,16.787934685317595,2f9c29c1e53d4015,[],5.0,esp_018299_2245,['train'],1.0,Counter({'train': 1}),val,68f7375f9d5f9c50,True,hirise_clean,0,C:\Users\deves\OneDrive\Desktop\Projects\TCMD-SS\data\raw\hirise_v3_2\map-proj-v3_2\ESP_018299_2245_RED-0193.jpg,0.2983357310295105,0.47400590777397156,1.69740891456604,6.100597324611207
map-proj-v3_2/PSP_004673_0935_RED-0017.jpg,ok,,JPEG,227.0,227.0,L,1.0,1.0,normal,swiss cheese,test,psp_004673_0935_red-0017,[],99ded6106e552164cdafd0804d82ddc7b2aa5d76f7ccfdc0480f20aeb9f7ec68,73b650304a75f8ff2b90d885a4c856d9f79493786294ad4cb21c47396cc382e5,f18c76e1fbc4810e,109.87818509965264,14.25717712087654,03d026e7e8fc7ad9,[],6.0,psp_004673_0935,['test'],1.0,Counter({'test': 1}),val,edbfc807a0aec8f6,True,hirise_clean,0,C:\Users\deves\OneDrive\Desktop\Projects\TCMD-SS\data\raw\hirise_v3_2\map-proj-v3_2\PSP_004673_0935_RED-0017.jpg,0.24425725638866425,0.4202944040298462,2.0345237255096436,5.016865836975972
map-proj-v3_2/PSP_004118_1355_RED-0265.jpg,ok,,JPEG,227.0,227.0,L,1.0,1.0,normal,other,train,psp_004118_1355_red-0265,[],9394ee60155d90a95ffe92c6fe489c6ba6d06ef852805023995c2e10e8ae63a9,45d959ecc579f216e18693eaab703a58daa9a7f93b23991acb999bfc1b36dcc5,d5596b26940cbd33,151.42905936462964,14.218781431470898,3ca5bc7c9a0810b4,[],0.0,psp_004118_1355,['train'],1.0,Counter({'train': 1}),val,bf60e4f40d8034ef,True,hirise_clean,0,C:\Users\deves\OneDrive\Desktop\Projects\TCMD-SS\data\raw\hirise_v3_2\map-proj-v3_2\PSP_004118_1355_RED-0265.jpg,0.3757796883583069,0.499576210975647,3.219400644302368,4.731219161067975
map-proj-v3_2/ESP_026472_1410_RED-0223.jpg,ok,,JPEG,227.0,227.0,L,1.0,1.0,normal,crater,train,esp_026472_1410_red-0223,[],30665ea6554a4cf0f4722d53919ecbee41813a3c7a9fe0a9c27b5b047d0c1cb2,825c28e99df8c359ffa415bac1524885642c884a318b40b79b8d2d91f466ef63,a3f86c0dd3270cd9,86.7327524306701,18.59436075720905,e574e216497b2392,[],1.0,esp_026472_1410,['train'],1.0,Counter({'train': 1}),val,59d2c6861deea26d,True,hirise_clean,0,C:\Users\deves\OneDrive\Desktop\Projects\TCMD-SS\data\raw\hirise_v3_2\map-proj-v3_2\ESP_026472_1410_RED-0223.jpg,0.3006378710269928,0.4816083312034607,4.933412551879883,5.519998291437867
map-proj-v3_2/ESP_015897_2655_RED-0028.jpg,ok,,JPEG,227.0,227.0,L,1.0,1.0,normal,dark dune,val,esp_015897_2655_red-0028,[],c00639c3a6f1fe65cd460f5d7d51efcdf3bbcabadca3b2314ed5536508984124,bbd83bcc2bc65e3ac9a1ad6c7599215aaa94ed88e9b687e40e0cce844abf4e98,85f90cd268e6613f,96.57707310446544,17.834850675668935,2177533f7d145a96,[],2.0,esp_015897_2655,['val'],2.0,Counter({'val': 2}),val,edbfc807a0aec8f6,True,hirise_clean,0,C:\Users\deves\OneDrive\Desktop\Projects\TCMD-SS\data\raw\hirise_v3_2\map-proj-v3_2\ESP_015897_2655_RED-0028.jpg,0.3026851415634155,0.43255388736724854,1.3330367803573608,4.3178216843268125
map-proj-v3_2/ESP_012700_2025_RED-0040.jpg,ok,,JPEG,227.0,227.0,L,1.0,1.0,normal,slope streak,train,esp_012700_2025_red-0040,[],c0893e0892f9134201b5deb35ebc1b30cc076e557e964f1b550041a43e1f46d5,3ee6288770973563657188a131135aa090cdf4740a460f5e7dd14dc551a56dae,80d4dfbd3f84d00e,104.563236235906,42.43061128186977,b3f54ee11dc22a5f,[],3.0,esp_012700_2025,['train'],1.0,Counter({'train': 1}),val,43c5a364fd2e03af,True,hirise_clean,0,C:\Users\deves\OneDrive\Desktop\Projects\TCMD-SS\data\raw\hirise_v3_2\map-proj-v3_2\ESP_012700_2025_RED-0040.jpg,0.5397792458534241,0.4173738956451416,4.9561567306518555,4.215926305041022
map-proj-v3_2/ESP_016683_2535_RED-0035.jpg,ok,,JPEG,227.0,227.0,L,1.0,1.0,normal,bright dune,train,esp_016683_2535_red-0035,[],a192281364a8b4251425e7b38e1f6770680a7ed9f370c531f5972dfde134f56e,f834fec087db503123aaf1dd8d52101483860da05f6ceb85a545416842fdf225,a47a9bcc6c993364,169.90778008500067,16.170613762648834,3c827ec0f2bb46c8,[],4.0,esp_016683_2535,['train'],1.0,Counter({'train': 1}),val,501845ae468bdee7,True,hirise_clean,0,C:\Users\deves\OneDrive\Desktop\Projects\TCMD-SS\data\raw\hirise_v3_2\map-proj-v3_2\ESP_016683_2535_RED-0035.jpg,0.4773347079753876,0.5208091735839844,4.148792266845703,5.527115154222724
