case_id,base_id,source_id,family,severity,pixel_auroc,iou_at_clean_pixel_q95,positive_map_inside_outside_ratio,mask_fraction
esp_020133_1720_red-0022_stripes_0.15,esp_020133_1720_red-0022,esp_020133_1720,stripes,0.15,,0.00238037109375,,1.0
esp_020133_1720_red-0022_stripes_0.3,esp_020133_1720_red-0022,esp_020133_1720,stripes,0.3,,0.00115966796875,,1.0
esp_020133_1720_red-0022_stripes_0.5,esp_020133_1720_red-0022,esp_020133_1720,stripes,0.5,,0.00030517578125,,1.0
esp_020133_1720_red-0022_dead_pixels_0.15,esp_020133_1720_red-0022,esp_020133_1720,dead_pixels,0.15,0.9104273454401824,0.5,4.645299911499023,0.0050048828125
esp_020133_1720_red-0022_dead_pixels_0.3,esp_020133_1720_red-0022,esp_020133_1720,dead_pixels,0.3,0.846493698480561,0.3684210526315789,4.320930004119873,0.0078125
esp_020133_1720_red-0022_dead_pixels_0.5,esp_020133_1720_red-0022,esp_020133_1720,dead_pixels,0.5,0.8355135217742912,0.36271186440677966,4.479210376739502,0.0118408203125
esp_020133_1720_red-0022_missing_patch_0.15,esp_020133_1720_red-0022,esp_020133_1720,missing_patch,0.15,0.6005769759889633,0.08522727272727272,1.4447805881500244,0.015625
esp_020133_1720_red-0022_missing_patch_0.3,esp_020133_1720_red-0022,esp_020133_1720,missing_patch,0.3,0.6241043149191724,0.10801963993453355,1.6494017839431763,0.03228759765625
esp_020133_1720_red-0022_missing_patch_0.5,esp_020133_1720_red-0022,esp_020133_1720,missing_patch,0.5,0.7127956708272298,0.17002629272567923,2.0615718364715576,0.0625
esp_020133_1720_red-0022_local_blur_0.15,esp_020133_1720_red-0022,esp_020133_1720,local_blur,0.15,0.7890565971647052,0.12081911262798635,2.1727213859558105,0.08355712890625
esp_020133_1720_red-0022_local_blur_0.3,esp_020133_1720_red-0022,esp_020133_1720,local_blur,0.3,0.7880219934984706,0.14014373716632444,2.2063779830932617,0.11285400390625
esp_020133_1720_red-0022_local_blur_0.5,esp_020133_1720_red-0022,esp_020133_1720,local_blur,0.5,0.8051220567893356,0.1551465063861758,2.274824619293213,0.15875244140625
esp_020133_1720_red-0022_patch_duplication_0.15,esp_020133_1720_red-0022,esp_020133_1720,patch_duplication,0.15,0.4992457798549107,0.0,0.931085467338562,0.015625
esp_020133_1720_red-0022_patch_duplication_0.3,esp_020133_1720_red-0022,esp_020133_1720,patch_duplication,0.3,0.5795448949870011,0.0,1.173628330230713,0.03228759765625
esp_020133_1720_red-0022_patch_duplication_0.5,esp_020133_1720_red-0022,esp_020133_1720,patch_duplication,0.5,0.5019620259602865,0.023519163763066203,1.0427733659744263,0.0625
esp_020133_1720_red-0022_foreign_content_0.15,esp_020133_1720_red-0022,esp_020133_1720,foreign_content,0.15,0.6242622496589781,0.0,1.2191834449768066,0.015625
esp_020133_1720_red-0022_foreign_content_0.3,esp_020133_1720_red-0022,esp_020133_1720,foreign_content,0.3,0.5094668781770523,0.0,0.9667863845825195,0.03228759765625
esp_020133_1720_red-0022_foreign_content_0.5,esp_020133_1720_red-0022,esp_020133_1720,foreign_content,0.5,0.22829608917236327,0.0,0.5207686424255371,0.0625
psp_006766_1850_red-0037_stripes_0.15,psp_006766_1850_red-0037,psp_006766_1850,stripes,0.15,,0.11749267578125,,1.0
psp_006766_1850_red-0037_stripes_0.3,psp_006766_1850_red-0037,psp_006766_1850,stripes,0.3,,0.0379638671875,,1.0
psp_006766_1850_red-0037_stripes_0.5,psp_006766_1850_red-0037,psp_006766_1850,stripes,0.5,,0.01324462890625,,1.0
psp_006766_1850_red-0037_dead_pixels_0.15,psp_006766_1850_red-0037,psp_006766_1850,dead_pixels,0.15,0.8387099094842047,0.025024533856722278,3.741304397583008,0.00494384765625
psp_006766_1850_red-0037_dead_pixels_0.3,psp_006766_1850_red-0037,psp_006766_1850,dead_pixels,0.3,0.8043544374735173,0.04053236539624924,3.561363458633423,0.0076904296875
psp_006766_1850_red-0037_dead_pixels_0.5,psp_006766_1850_red-0037,psp_006766_1850,dead_pixels,0.5,0.804349018407487,0.061608300907911806,3.5417327880859375,0.011474609375
psp_006766_1850_red-0037_missing_patch_0.15,psp_006766_1850_red-0037,psp_006766_1850,missing_patch,0.15,0.7649335104321676,0.006901311249137336,1.592461109161377,0.015625
psp_006766_1850_red-0037_missing_patch_0.3,psp_006766_1850_red-0037,psp_006766_1850,missing_patch,0.3,0.7707550527315422,0.017896389324960755,1.6915663480758667,0.03228759765625
psp_006766_1850_red-0037_missing_patch_0.5,psp_006766_1850_red-0037,psp_006766_1850,missing_patch,0.5,0.7894190788269043,0.08529650690495533,1.9938501119613647,0.0625
psp_006766_1850_red-0037_local_blur_0.15,psp_006766_1850_red-0037,psp_006766_1850,local_blur,0.15,0.48363404309350255,0.0,0.4711414873600006,0.08355712890625
psp_006766_1850_red-0037_local_blur_0.3,psp_006766_1850_red-0037,psp_006766_1850,local_blur,0.3,0.5550742198713573,0.0008954555630176853,0.6571981310844421,0.11285400390625
psp_006766_1850_red-0037_local_blur_0.5,psp_006766_1850_red-0037,psp_006766_1850,local_blur,0.5,0.5890668658544786,0.0007671653241273494,0.7540948390960693,0.15875244140625
psp_006766_1850_red-0037_patch_duplication_0.15,psp_006766_1850_red-0037,psp_006766_1850,patch_duplication,0.15,0.6181311228918651,0.0,1.0571703910827637,0.015625
psp_006766_1850_red-0037_patch_duplication_0.3,psp_006766_1850_red-0037,psp_006766_1850,patch_duplication,0.3,0.6753914104607027,0.0,1.238682746887207,0.03228759765625
psp_006766_1850_red-0037_patch_duplication_0.5,psp_006766_1850_red-0037,psp_006766_1850,patch_duplication,0.5,0.6759353637695312,0.0,1.2236928939819336,0.0625
psp_006766_1850_red-0037_foreign_content_0.15,psp_006766_1850_red-0037,psp_006766_1850,foreign_content,0.15,0.5337739974733383,0.0,0.6918177008628845,0.015625
psp_006766_1850_red-0037_foreign_content_0.3,psp_006766_1850_red-0037,psp_006766_1850,foreign_content,0.3,0.555523443493999,0.0,0.6168280243873596,0.03228759765625
psp_006766_1850_red-0037_foreign_content_0.5,psp_006766_1850_red-0037,psp_006766_1850,foreign_content,0.5,0.4048695882161458,0.0,0.3983745574951172,0.0625
esp_019559_1390_red-0576_stripes_0.15,esp_019559_1390_red-0576,esp_019559_1390,stripes,0.15,,0.0,,1.0
esp_019559_1390_red-0576_stripes_0.3,esp_019559_1390_red-0576,esp_019559_1390,stripes,0.3,,0.0,,1.0
esp_019559_1390_red-0576_stripes_0.5,esp_019559_1390_red-0576,esp_019559_1390,stripes,0.5,,0.0,,1.0
esp_019559_1390_red-0576_dead_pixels_0.15,esp_019559_1390_red-0576,esp_019559_1390,dead_pixels,0.15,0.9246977255723994,0.7528089887640449,17.471454620361328,0.00543212890625
esp_019559_1390_red-0576_dead_pixels_0.3,esp_019559_1390_red-0576,esp_019559_1390,dead_pixels,0.3,0.8993357493789856,0.7293233082706767,17.971363067626953,0.00811767578125
esp_019559_1390_red-0576_dead_pixels_0.5,esp_019559_1390_red-0576,esp_019559_1390,dead_pixels,0.5,0.8911348655196687,0.7158469945355191,17.288816452026367,0.01116943359375
esp_019559_1390_red-0576_missing_patch_0.15,esp_019559_1390_red-0576,esp_019559_1390,missing_patch,0.15,0.8357328384641617,0.0703125,3.4643285274505615,0.015625
esp_019559_1390_red-0576_missing_patch_0.3,esp_019559_1390_red-0576,esp_019559_1390,missing_patch,0.3,0.9202744150527673,0.21361058601134217,5.154879570007324,0.03228759765625
esp_019559_1390_red-0576_missing_patch_0.5,esp_019559_1390_red-0576,esp_019559_1390,missing_patch,0.5,0.9041413942972819,0.2529296875,4.5776591300964355,0.0625
esp_019559_1390_red-0576_local_blur_0.15,esp_019559_1390_red-0576,esp_019559_1390,local_blur,0.15,0.44865064324523785,0.0,0.6417003870010376,0.08355712890625
esp_019559_1390_red-0576_local_blur_0.3,esp_019559_1390_red-0576,esp_019559_1390,local_blur,0.3,0.5325027353269546,0.0,1.0894415378570557,0.11285400390625
esp_019559_1390_red-0576_local_blur_0.5,esp_019559_1390_red-0576,esp_019559_1390,local_blur,0.5,0.5954030622894554,0.01384083044982699,1.6362922191619873,0.15875244140625
esp_019559_1390_red-0576_patch_duplication_0.15,esp_019559_1390_red-0576,esp_019559_1390,patch_duplication,0.15,0.5028592064267113,0.0,0.9556159377098083,0.015625
esp_019559_1390_red-0576_patch_duplication_0.3,esp_019559_1390_red-0576,esp_019559_1390,patch_duplication,0.3,0.5583858681493855,0.0,1.0327759981155396,0.03228759765625
esp_019559_1390_red-0576_patch_duplication_0.5,esp_019559_1390_red-0576,esp_019559_1390,patch_duplication,0.5,0.5137110074361165,0.0,0.868284285068512,0.0625
esp_019559_1390_red-0576_foreign_content_0.15,esp_019559_1390_red-0576,esp_019559_1390,foreign_content,0.15,0.6992977081783234,0.0,1.7990632057189941,0.015625
esp_019559_1390_red-0576_foreign_content_0.3,esp_019559_1390_red-0576,esp_019559_1390,foreign_content,0.3,0.669288727772184,0.0,1.2995208501815796,0.03228759765625
esp_019559_1390_red-0576_foreign_content_0.5,esp_019559_1390_red-0576,esp_019559_1390,foreign_content,0.5,0.4209204355875651,0.0,0.484658807516098,0.0625
esp_016781_2055_red-0188_stripes_0.15,esp_016781_2055_red-0188,esp_016781_2055,stripes,0.15,,0.14691162109375,,1.0
esp_016781_2055_red-0188_stripes_0.3,esp_016781_2055_red-0188,esp_016781_2055,stripes,0.3,,0.05322265625,,1.0
esp_016781_2055_red-0188_stripes_0.5,esp_016781_2055_red-0188,esp_016781_2055,stripes,0.5,,0.017822265625,,1.0
esp_016781_2055_red-0188_dead_pixels_0.15,esp_016781_2055_red-0188,esp_016781_2055,dead_pixels,0.15,0.7812857519227091,0.0171990171990172,2.0511598587036133,0.00518798828125
esp_016781_2055_red-0188_dead_pixels_0.3,esp_016781_2055_red-0188,esp_016781_2055,dead_pixels,0.3,0.7727063634040379,0.0311787072243346,2.159956693649292,0.0079345703125
esp_016781_2055_red-0188_dead_pixels_0.5,esp_016781_2055_red-0188,esp_016781_2055,dead_pixels,0.5,0.7696207142868456,0.04873563218390804,2.082961082458496,0.01190185546875
esp_016781_2055_red-0188_missing_patch_0.15,esp_016781_2055_red-0188,esp_016781_2055,missing_patch,0.15,0.5952818128797743,0.009533898305084746,1.093906283378601,0.015625
esp_016781_2055_red-0188_missing_patch_0.3,esp_016781_2055_red-0188,esp_016781_2055,missing_patch,0.3,0.7013123420602232,0.041330398630472,1.5171853303909302,0.03228759765625
esp_016781_2055_red-0188_missing_patch_0.5,esp_016781_2055_red-0188,esp_016781_2055,missing_patch,0.5,0.7205862681070964,0.10426540284360189,1.6355527639389038,0.0625
esp_016781_2055_red-0188_local_blur_0.15,esp_016781_2055_red-0188,esp_016781_2055,local_blur,0.15,0.5621230729338837,0.0057166190281747655,0.952153742313385,0.08355712890625
esp_016781_2055_red-0188_local_blur_0.3,esp_016781_2055_red-0188,esp_016781_2055,local_blur,0.3,0.5466414687287153,0.00502138739073833,0.9049034714698792,0.11285400390625
esp_016781_2055_red-0188_local_blur_0.5,esp_016781_2055_red-0188,esp_016781_2055,local_blur,0.5,0.53578574400712,0.0050570962479608485,0.8814409375190735,0.15875244140625
esp_016781_2055_red-0188_patch_duplication_0.15,esp_016781_2055_red-0188,esp_016781_2055,patch_duplication,0.15,0.5420205252511161,0.0,0.8947772979736328,0.015625
esp_016781_2055_red-0188_patch_duplication_0.3,esp_016781_2055_red-0188,esp_016781_2055,patch_duplication,0.3,0.5587595285488349,0.0,0.9381502270698547,0.03228759765625
esp_016781_2055_red-0188_patch_duplication_0.5,esp_016781_2055_red-0188,esp_016781_2055,patch_duplication,0.5,0.5538770675659179,0.000576036866359447,0.9560710787773132,0.0625
esp_016781_2055_red-0188_foreign_content_0.15,esp_016781_2055_red-0188,esp_016781_2055,foreign_content,0.15,0.42982943095858134,0.0,0.6359462738037109,0.015625
esp_016781_2055_red-0188_foreign_content_0.3,esp_016781_2055_red-0188,esp_016781_2055,foreign_content,0.3,0.40802672375300975,0.0,0.5772702693939209,0.03228759765625
esp_016781_2055_red-0188_foreign_content_0.5,esp_016781_2055_red-0188,esp_016781_2055,foreign_content,0.5,0.31046466827392577,0.0,0.3995053768157959,0.0625
esp_016613_2570_red-0034_stripes_0.15,esp_016613_2570_red-0034,esp_016613_2570,stripes,0.15,,0.6405029296875,,1.0
esp_016613_2570_red-0034_stripes_0.3,esp_016613_2570_red-0034,esp_016613_2570,stripes,0.3,,0.5155029296875,,1.0
esp_016613_2570_red-0034_stripes_0.5,esp_016613_2570_red-0034,esp_016613_2570,stripes,0.5,,0.3790283203125,,1.0
esp_016613_2570_red-0034_dead_pixels_0.15,esp_016613_2570_red-0034,esp_016613_2570,dead_pixels,0.15,0.5191517391088206,0.0038047756494358435,1.0500080585479736,0.0045166015625
esp_016613_2570_red-0034_dead_pixels_0.3,esp_016613_2570_red-0034,esp_016613_2570,dead_pixels,0.3,0.5923721411703814,0.007294640025372661,1.2473946809768677,0.0069580078125
esp_016613_2570_red-0034_dead_pixels_0.5,esp_016613_2570_red-0034,esp_016613_2570,dead_pixels,0.5,0.6718156479062423,0.015831706788115376,1.4238014221191406,0.01055908203125
esp_016613_2570_red-0034_missing_patch_0.15,esp_016613_2570_red-0034,esp_016613_2570,missing_patch,0.15,0.25670248364645337,0.0032414910858995136,0.5692185163497925,0.015625
esp_016613_2570_red-0034_missing_patch_0.3,esp_016613_2570_red-0034,esp_016613_2570,missing_patch,0.3,0.38067899125999505,0.015554532903819604,0.6953743696212769,0.03228759765625
esp_016613_2570_red-0034_missing_patch_0.5,esp_016613_2570_red-0034,esp_016613_2570,missing_patch,0.5,0.44810555775960287,0.04776001578843497,0.7893489003181458,0.0625
esp_016613_2570_red-0034_local_blur_0.15,esp_016613_2570_red-0034,esp_016613_2570,local_blur,0.15,0.667944181457695,0.09857492200016865,1.2540534734725952,0.08355712890625
esp_016613_2570_red-0034_local_blur_0.3,esp_016613_2570_red-0034,esp_016613_2570,local_blur,0.3,0.6140422318481917,0.12361668989261415,1.2033133506774902,0.11285400390625
esp_016613_2570_red-0034_local_blur_0.5,esp_016613_2570_red-0034,esp_016613_2570,local_blur,0.5,0.6476967946879605,0.19357899731140282,1.2560441493988037,0.15875244140625
esp_016613_2570_red-0034_patch_duplication_0.15,esp_016613_2570_red-0034,esp_016613_2570,patch_duplication,0.15,0.4404970199342758,0.012782019387492493,0.8574197292327881,0.015625
esp_016613_2570_red-0034_patch_duplication_0.3,esp_016613_2570_red-0034,esp_016613_2570,patch_duplication,0.3,0.5512299257388705,0.032244269586041735,1.0291670560836792,0.03228759765625
esp_016613_2570_red-0034_patch_duplication_0.5,esp_016613_2570_red-0034,esp_016613_2570,patch_duplication,0.5,0.5283645629882813,0.06567796610169492,1.0476512908935547,0.0625
esp_016613_2570_red-0034_foreign_content_0.15,esp_016613_2570_red-0034,esp_016613_2570,foreign_content,0.15,0.14018128410218253,0.0,0.34061309695243835,0.015625
esp_016613_2570_red-0034_foreign_content_0.3,esp_016613_2570_red-0034,esp_016613_2570,foreign_content,0.3,0.15174379820907694,0.00033475604653109047,0.4031737148761749,0.03228759765625
esp_016613_2570_red-0034_foreign_content_0.5,esp_016613_2570_red-0034,esp_016613_2570,foreign_content,0.5,0.15220864613850912,0.0002333177788147457,0.39507588744163513,0.0625
esp_017395_1700_red-0007_stripes_0.15,esp_017395_1700_red-0007,esp_017395_1700,stripes,0.15,,0.0,,1.0
esp_017395_1700_red-0007_stripes_0.3,esp_017395_1700_red-0007,esp_017395_1700,stripes,0.3,,6.103515625e-05,,1.0
esp_017395_1700_red-0007_stripes_0.5,esp_017395_1700_red-0007,esp_017395_1700,stripes,0.5,,0.0001220703125,,1.0
esp_017395_1700_red-0007_dead_pixels_0.15,esp_017395_1700_red-0007,esp_017395_1700,dead_pixels,0.15,0.9085168667032809,0.7475728155339806,13.373480796813965,0.00628662109375
esp_017395_1700_red-0007_dead_pixels_0.3,esp_017395_1700_red-0007,esp_017395_1700,dead_pixels,0.3,0.8633258714422769,0.6875,12.570442199707031,0.00970458984375
esp_017395_1700_red-0007_dead_pixels_0.5,esp_017395_1700_red-0007,esp_017395_1700,dead_pixels,0.5,0.888670323012011,0.719626168224299,13.982400894165039,0.01300048828125
esp_017395_1700_red-0007_missing_patch_0.15,esp_017395_1700_red-0007,esp_017395_1700,missing_patch,0.15,0.9676332019624256,0.0,3.7195560932159424,0.015625
esp_017395_1700_red-0007_missing_patch_0.3,esp_017395_1700_red-0007,esp_017395_1700,missing_patch,0.3,0.9156581472334048,0.1490566037735849,4.261746883392334,0.03228759765625
esp_017395_1700_red-0007_missing_patch_0.5,esp_017395_1700_red-0007,esp_017395_1700,missing_patch,0.5,0.9599633534749349,0.2975609756097561,4.645491123199463,0.0625
esp_017395_1700_red-0007_local_blur_0.15,esp_017395_1700_red-0007,esp_017395_1700,local_blur,0.15,0.5991544856409722,0.0,1.2171560525894165,0.08355712890625
esp_017395_1700_red-0007_local_blur_0.3,esp_017395_1700_red-0007,esp_017395_1700,local_blur,0.3,0.5521318806193737,0.0,1.0213298797607422,0.11285400390625
esp_017395_1700_red-0007_local_blur_0.5,esp_017395_1700_red-0007,esp_017395_1700,local_blur,0.5,0.5364665747994893,0.0,0.9658352732658386,0.15875244140625
esp_017395_1700_red-0007_patch_duplication_0.15,esp_017395_1700_red-0007,esp_017395_1700,patch_duplication,0.15,0.4212401859343998,0.0,0.6245758533477783,0.015625
esp_017395_1700_red-0007_patch_duplication_0.3,esp_017395_1700_red-0007,esp_017395_1700,patch_duplication,0.3,0.510199414709987,0.0,1.0238739252090454,0.03228759765625
esp_017395_1700_red-0007_patch_duplication_0.5,esp_017395_1700_red-0007,esp_017395_1700,patch_duplication,0.5,0.5323810259501139,0.0,1.3514078855514526,0.0625
esp_017395_1700_red-0007_foreign_content_0.15,esp_017395_1700_red-0007,esp_017395_1700,foreign_content,0.15,0.7840699695405506,0.0,1.9770779609680176,0.015625
esp_017395_1700_red-0007_foreign_content_0.3,esp_017395_1700_red-0007,esp_017395_1700,foreign_content,0.3,0.6864949903395552,0.0,1.481431245803833,0.03228759765625
esp_017395_1700_red-0007_foreign_content_0.5,esp_017395_1700_red-0007,esp_017395_1700,foreign_content,0.5,0.3156383514404297,0.0,0.5253298878669739,0.0625
esp_012057_0950_red-0111_stripes_0.15,esp_012057_0950_red-0111,esp_012057_0950,stripes,0.15,,0.0,,1.0
esp_012057_0950_red-0111_stripes_0.3,esp_012057_0950_red-0111,esp_012057_0950,stripes,0.3,,0.0,,1.0
esp_012057_0950_red-0111_stripes_0.5,esp_012057_0950_red-0111,esp_012057_0950,stripes,0.5,,0.0,,1.0
esp_012057_0950_red-0111_dead_pixels_0.15,esp_012057_0950_red-0111,esp_012057_0950,dead_pixels,0.15,0.8474324170018013,0.7526881720430108,22.9180908203125,0.00567626953125
esp_012057_0950_red-0111_dead_pixels_0.3,esp_012057_0950_red-0111,esp_012057_0950,dead_pixels,0.3,0.8931458963446556,0.795774647887324,25.09931182861328,0.00860595703125
esp_012057_0950_red-0111_dead_pixels_0.5,esp_012057_0950_red-0111,esp_012057_0950,dead_pixels,0.5,0.8609421646734619,0.7666666666666667,28.429323196411133,0.0128173828125
esp_012057_0950_red-0111_missing_patch_0.15,esp_012057_0950_red-0111,esp_012057_0950,missing_patch,0.15,0.8139902750651041,0.0,3.643587827682495,0.015625
esp_012057_0950_red-0111_missing_patch_0.3,esp_012057_0950_red-0111,esp_012057_0950,missing_patch,0.3,0.8567263939088824,0.0,3.7939705848693848,0.03228759765625
esp_012057_0950_red-0111_missing_patch_0.5,esp_012057_0950_red-0111,esp_012057_0950,missing_patch,0.5,0.856492551167806,0.13411078717201166,4.276545524597168,0.0625
esp_012057_0950_red-0111_local_blur_0.15,esp_012057_0950_red-0111,esp_012057_0950,local_blur,0.15,0.5964461640137316,0.0,1.206539273262024,0.08355712890625
esp_012057_0950_red-0111_local_blur_0.3,esp_012057_0950_red-0111,esp_012057_0950,local_blur,0.3,0.6066081331814461,0.0,1.1785106658935547,0.11285400390625
esp_012057_0950_red-0111_local_blur_0.5,esp_012057_0950_red-0111,esp_012057_0950,local_blur,0.5,0.6197107508893479,0.0,1.309190034866333,0.15875244140625
esp_012057_0950_red-0111_patch_duplication_0.15,esp_012057_0950_red-0111,esp_012057_0950,patch_duplication,0.15,0.36035374232700895,0.00390625,0.9043425917625427,0.015625
esp_012057_0950_red-0111_patch_duplication_0.3,esp_012057_0950_red-0111,esp_012057_0950,patch_duplication,0.3,0.3865817286741435,0.001890359168241966,0.7977777719497681,0.03228759765625
esp_012057_0950_red-0111_patch_duplication_0.5,esp_012057_0950_red-0111,esp_012057_0950,patch_duplication,0.5,0.46288671493530276,0.0,1.0614722967147827,0.0625
esp_012057_0950_red-0111_foreign_content_0.15,esp_012057_0950_red-0111,esp_012057_0950,foreign_content,0.15,0.7979798089890253,0.0,2.207944631576538,0.015625
esp_012057_0950_red-0111_foreign_content_0.3,esp_012057_0950_red-0111,esp_012057_0950,foreign_content,0.3,0.7755215477695729,0.0,1.9621226787567139,0.03228759765625
esp_012057_0950_red-0111_foreign_content_0.5,esp_012057_0950_red-0111,esp_012057_0950,foreign_content,0.5,0.5501351992289225,0.0,0.8716044425964355,0.0625
esp_049651_1050_red-0070_stripes_0.15,esp_049651_1050_red-0070,esp_049651_1050,stripes,0.15,,0.0,,1.0
esp_049651_1050_red-0070_stripes_0.3,esp_049651_1050_red-0070,esp_049651_1050,stripes,0.3,,0.0,,1.0
esp_049651_1050_red-0070_stripes_0.5,esp_049651_1050_red-0070,esp_049651_1050,stripes,0.5,,0.000244140625,,1.0
esp_049651_1050_red-0070_dead_pixels_0.15,esp_049651_1050_red-0070,esp_049651_1050,dead_pixels,0.15,0.8496339444478509,0.64,7.175344944000244,0.00457763671875
esp_049651_1050_red-0070_dead_pixels_0.3,esp_049651_1050_red-0070,esp_049651_1050,dead_pixels,0.3,0.8262046738790925,0.6,6.739251613616943,0.0079345703125
esp_049651_1050_red-0070_dead_pixels_0.5,esp_049651_1050_red-0070,esp_049651_1050,dead_pixels,0.5,0.8742757982666636,0.7032967032967034,7.847766876220703,0.0111083984375
esp_049651_1050_red-0070_missing_patch_0.15,esp_049651_1050_red-0070,esp_049651_1050,missing_patch,0.15,0.6654495965866816,0.078125,1.9415678977966309,0.015625
esp_049651_1050_red-0070_missing_patch_0.3,esp_049651_1050_red-0070,esp_049651_1050,missing_patch,0.3,0.7896494638617099,0.08506616257088846,3.0743343830108643,0.03228759765625
esp_049651_1050_red-0070_missing_patch_0.5,esp_049651_1050_red-0070,esp_049651_1050,missing_patch,0.5,0.9017720540364583,0.1357421875,4.0892333984375,0.0625
esp_049651_1050_red-0070_local_blur_0.15,esp_049651_1050_red-0070,esp_049651_1050,local_blur,0.15,0.7989577503091017,0.0620891161431702,2.999856472015381,0.08355712890625
esp_049651_1050_red-0070_local_blur_0.3,esp_049651_1050_red-0070,esp_049651_1050,local_blur,0.3,0.7876999309586918,0.08707409410492158,3.147676706314087,0.11285400390625
esp_049651_1050_red-0070_local_blur_0.5,esp_049651_1050_red-0070,esp_049651_1050,local_blur,0.5,0.7727759622754887,0.05728565936178393,2.8315694332122803,0.15875244140625
esp_049651_1050_red-0070_patch_duplication_0.15,esp_049651_1050_red-0070,esp_049651_1050,patch_duplication,0.15,0.4736291794549851,0.0,0.9263468980789185,0.015625
esp_049651_1050_red-0070_patch_duplication_0.3,esp_049651_1050_red-0070,esp_049651_1050,patch_duplication,0.3,0.5956940825379339,0.0,1.321222186088562,0.03228759765625
esp_049651_1050_red-0070_patch_duplication_0.5,esp_049651_1050_red-0070,esp_049651_1050,patch_duplication,0.5,0.5497090021769205,0.0,1.152559757232666,0.0625
esp_049651_1050_red-0070_foreign_content_0.15,esp_049651_1050_red-0070,esp_049651_1050,foreign_content,0.15,0.8050079345703125,0.0,1.9828898906707764,0.015625
esp_049651_1050_red-0070_foreign_content_0.3,esp_049651_1050_red-0070,esp_049651_1050,foreign_content,0.3,0.796492671355902,0.0,1.963830828666687,0.03228759765625
esp_049651_1050_red-0070_foreign_content_0.5,esp_049651_1050_red-0070,esp_049651_1050,foreign_content,0.5,0.6335454940795898,0.0,1.2684638500213623,0.0625
psp_006766_1850_red-0101_stripes_0.15,psp_006766_1850_red-0101,psp_006766_1850,stripes,0.15,,0.000244140625,,1.0
psp_006766_1850_red-0101_stripes_0.3,psp_006766_1850_red-0101,psp_006766_1850,stripes,0.3,,0.000244140625,,1.0
psp_006766_1850_red-0101_stripes_0.5,psp_006766_1850_red-0101,psp_006766_1850,stripes,0.5,,0.00030517578125,,1.0
psp_006766_1850_red-0101_dead_pixels_0.15,psp_006766_1850_red-0101,psp_006766_1850,dead_pixels,0.15,0.9063181269928157,0.6388888888888888,11.885001182556152,0.00433349609375
psp_006766_1850_red-0101_dead_pixels_0.3,psp_006766_1850_red-0101,psp_006766_1850,dead_pixels,0.3,0.8281531053437161,0.6126126126126126,11.647780418395996,0.0067138671875
psp_006766_1850_red-0101_dead_pixels_0.5,psp_006766_1850_red-0101,psp_006766_1850,dead_pixels,0.5,0.8551260070277753,0.6117021276595744,12.124981880187988,0.01141357421875
psp_006766_1850_red-0101_missing_patch_0.15,psp_006766_1850_red-0101,psp_006766_1850,missing_patch,0.15,0.7749071878100199,0.0,2.557119846343994,0.015625
psp_006766_1850_red-0101_missing_patch_0.3,psp_006766_1850_red-0101,psp_006766_1850,missing_patch,0.3,0.7805474828296847,0.03932584269662921,3.061568260192871,0.03228759765625
psp_006766_1850_red-0101_missing_patch_0.5,psp_006766_1850_red-0101,psp_006766_1850,missing_patch,0.5,0.8579477310180664,0.17801556420233464,5.263626575469971,0.0625
psp_006766_1850_red-0101_local_blur_0.15,psp_006766_1850_red-0101,psp_006766_1850,local_blur,0.15,0.8782703782703782,0.0597667638483965,3.9549245834350586,0.08355712890625
psp_006766_1850_red-0101_local_blur_0.3,psp_006766_1850_red-0101,psp_006766_1850,local_blur,0.3,0.8994110000608367,0.048569886670264434,4.4518280029296875,0.11285400390625
psp_006766_1850_red-0101_local_blur_0.5,psp_006766_1850_red-0101,psp_006766_1850,local_blur,0.5,0.903805045654227,0.04529750479846449,4.65679407119751,0.15875244140625
psp_006766_1850_red-0101_patch_duplication_0.15,psp_006766_1850_red-0101,psp_006766_1850,patch_duplication,0.15,0.34089236789279515,0.0,0.4594546854496002,0.015625
psp_006766_1850_red-0101_patch_duplication_0.3,psp_006766_1850_red-0101,psp_006766_1850,patch_duplication,0.3,0.4653786471085135,0.0,0.8303271532058716,0.03228759765625
psp_006766_1850_red-0101_patch_duplication_0.5,psp_006766_1850_red-0101,psp_006766_1850,patch_duplication,0.5,0.4427099863688151,0.0,0.6939545273780823,0.0625
psp_006766_1850_red-0101_foreign_content_0.15,psp_006766_1850_red-0101,psp_006766_1850,foreign_content,0.15,0.8299303811693949,0.0,2.4991962909698486,0.015625
psp_006766_1850_red-0101_foreign_content_0.3,psp_006766_1850_red-0101,psp_006766_1850,foreign_content,0.3,0.7782646252456841,0.0,2.0007729530334473,0.03228759765625
psp_006766_1850_red-0101_foreign_content_0.5,psp_006766_1850_red-0101,psp_006766_1850,foreign_content,0.5,0.5029520352681478,0.0,0.7981506586074829,0.0625
esp_016148_2040_red-0097_stripes_0.15,esp_016148_2040_red-0097,esp_016148_2040,stripes,0.15,,0.00439453125,,1.0
esp_016148_2040_red-0097_stripes_0.3,esp_016148_2040_red-0097,esp_016148_2040,stripes,0.3,,0.00146484375,,1.0
esp_016148_2040_red-0097_stripes_0.5,esp_016148_2040_red-0097,esp_016148_2040,stripes,0.5,,0.00067138671875,,1.0
esp_016148_2040_red-0097_dead_pixels_0.15,esp_016148_2040_red-0097,esp_016148_2040,dead_pixels,0.15,0.8690667955326461,0.21266968325791855,3.8146731853485107,0.00537109375
esp_016148_2040_red-0097_dead_pixels_0.3,esp_016148_2040_red-0097,esp_016148_2040,dead_pixels,0.3,0.877403214695752,0.27722772277227725,4.188344955444336,0.0081787109375
esp_016148_2040_red-0097_dead_pixels_0.5,esp_016148_2040_red-0097,esp_016148_2040,dead_pixels,0.5,0.8597514437592283,0.2675736961451247,4.394233703613281,0.0120849609375
esp_016148_2040_red-0097_missing_patch_0.15,esp_016148_2040_red-0097,esp_016148_2040,missing_patch,0.15,0.5340232243613591,0.08163265306122448,1.254743218421936,0.015625
esp_016148_2040_red-0097_missing_patch_0.3,esp_016148_2040_red-0097,esp_016148_2040,missing_patch,0.3,0.5311345314550162,0.17056396148555708,1.360148549079895,0.03228759765625
esp_016148_2040_red-0097_missing_patch_0.5,esp_016148_2040_red-0097,esp_016148_2040,missing_patch,0.5,0.6670790990193685,0.2413509060955519,1.857202410697937,0.0625
esp_016148_2040_red-0097_local_blur_0.15,esp_016148_2040_red-0097,esp_016148_2040,local_blur,0.15,0.7966486642162318,0.1000667111407605,2.0966079235076904,0.08355712890625
esp_016148_2040_red-0097_local_blur_0.3,esp_016148_2040_red-0097,esp_016148_2040,local_blur,0.3,0.8035034696466614,0.17542070372259053,2.2203075885772705,0.11285400390625
esp_016148_2040_red-0097_local_blur_0.5,esp_016148_2040_red-0097,esp_016148_2040,local_blur,0.5,0.8150350870190038,0.21781076066790353,2.310838222503662,0.15875244140625
esp_016148_2040_red-0097_patch_duplication_0.15,esp_016148_2040_red-0097,esp_016148_2040,patch_duplication,0.15,0.40428742908296134,0.002617801047120419,0.7605624198913574,0.015625
esp_016148_2040_red-0097_patch_duplication_0.3,esp_016148_2040_red-0097,esp_016148_2040,patch_duplication,0.3,0.5220258736577168,0.0030864197530864196,1.0946547985076904,0.03228759765625
esp_016148_2040_red-0097_patch_duplication_0.5,esp_016148_2040_red-0097,esp_016148_2040,patch_duplication,0.5,0.5653704325358073,0.014899211218229623,1.2099419832229614,0.0625
esp_016148_2040_red-0097_foreign_content_0.15,esp_016148_2040_red-0097,esp_016148_2040,foreign_content,0.15,0.5031522720579117,0.0,0.9589175581932068,0.015625
esp_016148_2040_red-0097_foreign_content_0.3,esp_016148_2040_red-0097,esp_016148_2040,foreign_content,0.3,0.4140668713810591,0.0,0.7565742135047913,0.03228759765625
esp_016148_2040_red-0097_foreign_content_0.5,esp_016148_2040_red-0097,esp_016148_2040,foreign_content,0.5,0.21062761942545574,0.0,0.3878026008605957,0.0625
esp_011716_0940_red-0008_stripes_0.15,esp_011716_0940_red-0008,esp_011716_0940,stripes,0.15,,0.00189208984375,,1.0
esp_011716_0940_red-0008_stripes_0.3,esp_011716_0940_red-0008,esp_011716_0940,stripes,0.3,,0.00054931640625,,1.0
esp_011716_0940_red-0008_stripes_0.5,esp_011716_0940_red-0008,esp_011716_0940,stripes,0.5,,0.00030517578125,,1.0
esp_011716_0940_red-0008_dead_pixels_0.15,esp_011716_0940_red-0008,esp_011716_0940,dead_pixels,0.15,0.8521038327902124,0.17391304347826086,2.89821720123291,0.00506591796875
esp_011716_0940_red-0008_dead_pixels_0.3,esp_011716_0940_red-0008,esp_011716_0940,dead_pixels,0.3,0.8270713887444368,0.16905444126074498,2.683380365371704,0.00860595703125
esp_011716_0940_red-0008_dead_pixels_0.5,esp_011716_0940_red-0008,esp_011716_0940,dead_pixels,0.5,0.8630433662958384,0.19883040935672514,3.104227066040039,0.012451171875
esp_011716_0940_red-0008_missing_patch_0.15,esp_011716_0940_red-0008,esp_011716_0940,missing_patch,0.15,0.8815875583224826,0.0,1.702985405921936,0.015625
esp_011716_0940_red-0008_missing_patch_0.3,esp_011716_0940_red-0008,esp_011716_0940,missing_patch,0.3,0.7750237710727952,0.06901615271659324,1.6454066038131714,0.03228759765625
esp_011716_0940_red-0008_missing_patch_0.5,esp_011716_0940_red-0008,esp_011716_0940,missing_patch,0.5,0.9031764348347981,0.31472491909385114,2.2882509231567383,0.0625
esp_011716_0940_red-0008_local_blur_0.15,esp_011716_0940_red-0008,esp_011716_0940,local_blur,0.15,0.6058748653343248,0.030779753761969904,1.27635657787323,0.08355712890625
esp_011716_0940_red-0008_local_blur_0.3,esp_011716_0940_red-0008,esp_011716_0940,local_blur,0.3,0.6372793854858464,0.03762886597938144,1.3363375663757324,0.11285400390625
esp_011716_0940_red-0008_local_blur_0.5,esp_011716_0940_red-0008,esp_011716_0940,local_blur,0.5,0.6896480636887743,0.06315007429420505,1.4686130285263062,0.15875244140625
esp_011716_0940_red-0008_patch_duplication_0.15,esp_011716_0940_red-0008,esp_011716_0940,patch_duplication,0.15,0.543396480499752,0.0,0.9957234263420105,0.015625
esp_011716_0940_red-0008_patch_duplication_0.3,esp_011716_0940_red-0008,esp_011716_0940,patch_duplication,0.3,0.5004780444708335,0.0,0.9612573385238647,0.03228759765625
esp_011716_0940_red-0008_patch_duplication_0.5,esp_011716_0940_red-0008,esp_011716_0940,patch_duplication,0.5,0.42157150904337565,0.004405286343612335,0.8122246861457825,0.0625
esp_011716_0940_red-0008_foreign_content_0.15,esp_011716_0940_red-0008,esp_011716_0940,foreign_content,0.15,0.5168746463836186,0.0,1.0485124588012695,0.015625
esp_011716_0940_red-0008_foreign_content_0.3,esp_011716_0940_red-0008,esp_011716_0940,foreign_content,0.3,0.3834871671975291,0.0,0.8260797262191772,0.03228759765625
esp_011716_0940_red-0008_foreign_content_0.5,esp_011716_0940_red-0008,esp_011716_0940,foreign_content,0.5,0.24900474548339843,0.0,0.466793030500412,0.0625
esp_013141_2105_red-0004_stripes_0.15,esp_013141_2105_red-0004,esp_013141_2105,stripes,0.15,,0.0,,1.0
esp_013141_2105_red-0004_stripes_0.3,esp_013141_2105_red-0004,esp_013141_2105,stripes,0.3,,0.0,,1.0
esp_013141_2105_red-0004_stripes_0.5,esp_013141_2105_red-0004,esp_013141_2105,stripes,0.5,,0.0,,1.0
esp_013141_2105_red-0004_dead_pixels_0.15,esp_013141_2105_red-0004,esp_013141_2105,dead_pixels,0.15,0.9372761027845552,0.8157894736842105,21.349529266357422,0.004638671875
esp_013141_2105_red-0004_dead_pixels_0.3,esp_013141_2105_red-0004,esp_013141_2105,dead_pixels,0.3,0.8809018446719228,0.6838235294117647,21.720197677612305,0.00823974609375
esp_013141_2105_red-0004_dead_pixels_0.5,esp_013141_2105_red-0004,esp_013141_2105,dead_pixels,0.5,0.8899535005117004,0.7342995169082126,23.670822143554688,0.01263427734375
esp_013141_2105_red-0004_missing_patch_0.15,esp_013141_2105_red-0004,esp_013141_2105,missing_patch,0.15,0.8122783842540923,0.05058365758754864,3.091372013092041,0.015625
esp_013141_2105_red-0004_missing_patch_0.3,esp_013141_2105_red-0004,esp_013141_2105,missing_patch,0.3,0.8777041942604856,0.2528301886792453,5.152195453643799,0.03228759765625
esp_013141_2105_red-0004_missing_patch_0.5,esp_013141_2105_red-0004,esp_013141_2105,missing_patch,0.5,0.9255217870076498,0.30146341463414633,5.836747646331787,0.0625
esp_013141_2105_red-0004_local_blur_0.15,esp_013141_2105_red-0004,esp_013141_2105,local_blur,0.15,0.5074077614618155,0.0,0.742842435836792,0.08355712890625
esp_013141_2105_red-0004_local_blur_0.3,esp_013141_2105_red-0004,esp_013141_2105,local_blur,0.3,0.5382037873929567,0.0,0.8566247224807739,0.11285400390625
esp_013141_2105_red-0004_local_blur_0.5,esp_013141_2105_red-0004,esp_013141_2105,local_blur,0.5,0.5829674225220416,0.0,1.1929432153701782,0.15875244140625
esp_013141_2105_red-0004_patch_duplication_0.15,esp_013141_2105_red-0004,esp_013141_2105,patch_duplication,0.15,0.28836180671812994,0.0,0.10103879868984222,0.015625
esp_013141_2105_red-0004_patch_duplication_0.3,esp_013141_2105_red-0004,esp_013141_2105,patch_duplication,0.3,0.3585385991550315,0.0,0.3097075819969177,0.03228759765625
esp_013141_2105_red-0004_patch_duplication_0.5,esp_013141_2105_red-0004,esp_013141_2105,patch_duplication,0.5,0.40166060129801434,0.0048828125,1.0026118755340576,0.0625
esp_013141_2105_red-0004_foreign_content_0.15,esp_013141_2105_red-0004,esp_013141_2105,foreign_content,0.15,0.6977815173921131,0.0,1.4652738571166992,0.015625
esp_013141_2105_red-0004_foreign_content_0.3,esp_013141_2105_red-0004,esp_013141_2105,foreign_content,0.3,0.6697414363033612,0.0,1.5157842636108398,0.03228759765625
esp_013141_2105_red-0004_foreign_content_0.5,esp_013141_2105_red-0004,esp_013141_2105,foreign_content,0.5,0.2651659647623698,0.0,0.48995327949523926,0.0625
esp_016613_2570_red-0043_stripes_0.15,esp_016613_2570_red-0043,esp_016613_2570,stripes,0.15,,0.39361572265625,,1.0
esp_016613_2570_red-0043_stripes_0.3,esp_016613_2570_red-0043,esp_016613_2570,stripes,0.3,,0.30523681640625,,1.0
esp_016613_2570_red-0043_stripes_0.5,esp_016613_2570_red-0043,esp_016613_2570,stripes,0.5,,0.22711181640625,,1.0
esp_016613_2570_red-0043_dead_pixels_0.15,esp_016613_2570_red-0043,esp_016613_2570,dead_pixels,0.15,0.6189503175854936,0.005058680696074464,1.3598805665969849,0.00445556640625
esp_016613_2570_red-0043_dead_pixels_0.3,esp_016613_2570_red-0043,esp_016613_2570,dead_pixels,0.3,0.642154634642397,0.011888111888111888,1.4494258165359497,0.00860595703125
esp_016613_2570_red-0043_dead_pixels_0.5,esp_016613_2570_red-0043,esp_016613_2570,dead_pixels,0.5,0.6840375082043597,0.02247191011235955,1.6714551448822021,0.01177978515625
esp_016613_2570_red-0043_missing_patch_0.15,esp_016613_2570_red-0043,esp_016613_2570,missing_patch,0.15,0.32042124914744546,0.005175388154111558,0.6611012816429138,0.015625
esp_016613_2570_red-0043_missing_patch_0.3,esp_016613_2570_red-0043,esp_016613_2570,missing_patch,0.3,0.40628378994657993,0.024063790402961697,0.764643132686615,0.03228759765625
esp_016613_2570_red-0043_missing_patch_0.5,esp_016613_2570_red-0043,esp_016613_2570,missing_patch,0.5,0.504440434773763,0.06875976701235971,0.9449806213378906,0.0625
esp_016613_2570_red-0043_local_blur_0.15,esp_016613_2570_red-0043,esp_016613_2570,local_blur,0.15,0.8413482548617683,0.1721725612125923,1.6485002040863037,0.08355712890625
esp_016613_2570_red-0043_local_blur_0.3,esp_016613_2570_red-0043,esp_016613_2570,local_blur,0.3,0.838846535739342,0.2214096583028622,1.6643949747085571,0.11285400390625
esp_016613_2570_red-0043_local_blur_0.5,esp_016613_2570_red-0043,esp_016613_2570,local_blur,0.5,0.8193290979144723,0.2840243756721233,1.642264723777771,0.15875244140625
esp_016613_2570_red-0043_patch_duplication_0.15,esp_016613_2570_red-0043,esp_016613_2570,patch_duplication,0.15,0.30422222803509424,0.004013914905004014,0.6657772660255432,0.015625
esp_016613_2570_red-0043_patch_duplication_0.3,esp_016613_2570_red-0043,esp_016613_2570,patch_duplication,0.3,0.3770588133599689,0.015891032917139614,0.8083105087280273,0.03228759765625
esp_016613_2570_red-0043_patch_duplication_0.5,esp_016613_2570_red-0043,esp_016613_2570,patch_duplication,0.5,0.40442879994710285,0.03770114942528736,0.864457905292511,0.0625
esp_016613_2570_red-0043_foreign_content_0.15,esp_016613_2570_red-0043,esp_016613_2570,foreign_content,0.15,0.22579762292286706,0.0,0.4824250042438507,0.015625
esp_016613_2570_red-0043_foreign_content_0.3,esp_016613_2570_red-0043,esp_016613_2570,foreign_content,0.3,0.21449299207909106,0.0,0.4409078359603882,0.03228759765625
esp_016613_2570_red-0043_foreign_content_0.5,esp_016613_2570_red-0043,esp_016613_2570,foreign_content,0.5,0.18447418212890626,0.0,0.37507450580596924,0.0625
esp_017395_1700_red-0049_stripes_0.15,esp_017395_1700_red-0049,esp_017395_1700,stripes,0.15,,0.0,,1.0
esp_017395_1700_red-0049_stripes_0.3,esp_017395_1700_red-0049,esp_017395_1700,stripes,0.3,,0.0,,1.0
esp_017395_1700_red-0049_stripes_0.5,esp_017395_1700_red-0049,esp_017395_1700,stripes,0.5,,0.0,,1.0
esp_017395_1700_red-0049_dead_pixels_0.15,esp_017395_1700_red-0049,esp_017395_1700,dead_pixels,0.15,0.8816886708103198,0.6617647058823529,11.524394035339355,0.004150390625
esp_017395_1700_red-0049_dead_pixels_0.3,esp_017395_1700_red-0049,esp_017395_1700,dead_pixels,0.3,0.8855950281863678,0.6484375,11.521032333374023,0.0076904296875
esp_017395_1700_red-0049_dead_pixels_0.5,esp_017395_1700_red-0049,esp_017395_1700,dead_pixels,0.5,0.8691207058507783,0.6321243523316062,11.698319435119629,0.01123046875
esp_017395_1700_red-0049_missing_patch_0.15,esp_017395_1700_red-0049,esp_017395_1700,missing_patch,0.15,0.8900190080915179,0.0,2.83879017829895,0.015625
esp_017395_1700_red-0049_missing_patch_0.3,esp_017395_1700_red-0049,esp_017395_1700,missing_patch,0.3,0.9013791693269403,0.02022058823529412,3.3524298667907715,0.03228759765625
esp_017395_1700_red-0049_missing_patch_0.5,esp_017395_1700_red-0049,esp_017395_1700,missing_patch,0.5,0.9173412958780924,0.20342205323193915,3.5272815227508545,0.0625
esp_017395_1700_red-0049_local_blur_0.15,esp_017395_1700_red-0049,esp_017395_1700,local_blur,0.15,0.6979940682643385,0.005843681519357195,2.094846248626709,0.08355712890625
esp_017395_1700_red-0049_local_blur_0.3,esp_017395_1700_red-0049,esp_017395_1700,local_blur,0.3,0.6743180101070819,0.007030827474310438,1.8613206148147583,0.11285400390625
esp_017395_1700_red-0049_local_blur_0.5,esp_017395_1700_red-0049,esp_017395_1700,local_blur,0.5,0.6843692156753958,0.00843234955921809,1.8079503774642944,0.15875244140625
esp_017395_1700_red-0049_patch_duplication_0.15,esp_017395_1700_red-0049,esp_017395_1700,patch_duplication,0.15,0.6217602926587301,0.0,1.4815913438796997,0.015625
esp_017395_1700_red-0049_patch_duplication_0.3,esp_017395_1700_red-0049,esp_017395_1700,patch_duplication,0.3,0.6474124255794032,0.0,1.5596730709075928,0.03228759765625
esp_017395_1700_red-0049_patch_duplication_0.5,esp_017395_1700_red-0049,esp_017395_1700,patch_duplication,0.5,0.6168701171875,0.0,1.6309868097305298,0.0625
esp_017395_1700_red-0049_foreign_content_0.15,esp_017395_1700_red-0049,esp_017395_1700,foreign_content,0.15,0.6017313154916915,0.0,1.6635605096817017,0.015625
esp_017395_1700_red-0049_foreign_content_0.3,esp_017395_1700_red-0049,esp_017395_1700,foreign_content,0.3,0.6303783281737437,0.0,1.4872928857803345,0.03228759765625
esp_017395_1700_red-0049_foreign_content_0.5,esp_017395_1700_red-0049,esp_017395_1700,foreign_content,0.5,0.30495243072509765,0.0,0.5670728087425232,0.0625
esp_012588_0930_red-0008_stripes_0.15,esp_012588_0930_red-0008,esp_012588_0930,stripes,0.15,,6.103515625e-05,,1.0
esp_012588_0930_red-0008_stripes_0.3,esp_012588_0930_red-0008,esp_012588_0930,stripes,0.3,,0.00030517578125,,1.0
esp_012588_0930_red-0008_stripes_0.5,esp_012588_0930_red-0008,esp_012588_0930,stripes,0.5,,0.00030517578125,,1.0
esp_012588_0930_red-0008_dead_pixels_0.15,esp_012588_0930_red-0008,esp_012588_0930,dead_pixels,0.15,0.8963046548759519,0.73,18.09968376159668,0.006103515625
esp_012588_0930_red-0008_dead_pixels_0.3,esp_012588_0930_red-0008,esp_012588_0930,dead_pixels,0.3,0.9255861792560411,0.8345323741007195,19.246448516845703,0.00848388671875
esp_012588_0930_red-0008_dead_pixels_0.5,esp_012588_0930_red-0008,esp_012588_0930,dead_pixels,0.5,0.9013793791605886,0.6871794871794872,18.4658260345459,0.01190185546875
esp_012588_0930_red-0008_missing_patch_0.15,esp_012588_0930_red-0008,esp_012588_0930,missing_patch,0.15,0.9524158296130952,0.0,4.705642223358154,0.015625
esp_012588_0930_red-0008_missing_patch_0.3,esp_012588_0930_red-0008,esp_012588_0930,missing_patch,0.3,0.9078283284420067,0.1977401129943503,6.782228946685791,0.03228759765625
esp_012588_0930_red-0008_missing_patch_0.5,esp_012588_0930_red-0008,esp_012588_0930,missing_patch,0.5,0.9434781392415365,0.2953216374269006,8.527960777282715,0.0625
esp_012588_0930_red-0008_local_blur_0.15,esp_012588_0930_red-0008,esp_012588_0930,local_blur,0.15,0.6359006710358062,0.0,1.7766664028167725,0.08355712890625
esp_012588_0930_red-0008_local_blur_0.3,esp_012588_0930_red-0008,esp_012588_0930,local_blur,0.3,0.7206235559417851,0.0,2.8356080055236816,0.11285400390625
esp_012588_0930_red-0008_local_blur_0.5,esp_012588_0930_red-0008,esp_012588_0930,local_blur,0.5,0.7602514372342909,0.02689204763734153,3.948361873626709,0.15875244140625
esp_012588_0930_red-0008_patch_duplication_0.15,esp_012588_0930_red-0008,esp_012588_0930,patch_duplication,0.15,0.43327912830171134,0.0,1.021561861038208,0.015625
esp_012588_0930_red-0008_patch_duplication_0.3,esp_012588_0930_red-0008,esp_012588_0930,patch_duplication,0.3,0.46592029969137844,0.0,0.7855162620544434,0.03228759765625
esp_012588_0930_red-0008_patch_duplication_0.5,esp_012588_0930_red-0008,esp_012588_0930,patch_duplication,0.5,0.4773421287536621,0.0,0.8101509809494019,0.0625
esp_012588_0930_red-0008_foreign_content_0.15,esp_012588_0930_red-0008,esp_012588_0930,foreign_content,0.15,0.8360273573133681,0.0,2.653374433517456,0.015625
esp_012588_0930_red-0008_foreign_content_0.3,esp_012588_0930_red-0008,esp_012588_0930,foreign_content,0.3,0.8029319345510084,0.0,2.368577241897583,0.03228759765625
esp_012588_0930_red-0008_foreign_content_0.5,esp_012588_0930_red-0008,esp_012588_0930,foreign_content,0.5,0.7098273913065593,0.0,1.5869433879852295,0.0625
esp_049651_1050_red-0030_stripes_0.15,esp_049651_1050_red-0030,esp_049651_1050,stripes,0.15,,0.00042724609375,,1.0
esp_049651_1050_red-0030_stripes_0.3,esp_049651_1050_red-0030,esp_049651_1050,stripes,0.3,,0.00152587890625,,1.0
esp_049651_1050_red-0030_stripes_0.5,esp_049651_1050_red-0030,esp_049651_1050,stripes,0.5,,0.00286865234375,,1.0
esp_049651_1050_red-0030_dead_pixels_0.15,esp_049651_1050_red-0030,esp_049651_1050,dead_pixels,0.15,0.8666605347068923,0.5844155844155844,5.1421942710876465,0.004638671875
esp_049651_1050_red-0030_dead_pixels_0.3,esp_049651_1050_red-0030,esp_049651_1050,dead_pixels,0.3,0.8680113868571993,0.5446428571428571,5.055112838745117,0.00665283203125
esp_049651_1050_red-0030_dead_pixels_0.5,esp_049651_1050_red-0030,esp_049651_1050,dead_pixels,0.5,0.8994458484733786,0.5678391959798995,5.588987827301025,0.01202392578125
esp_049651_1050_red-0030_missing_patch_0.15,esp_049651_1050_red-0030,esp_049651_1050,missing_patch,0.15,0.5757996089874752,0.0421455938697318,1.405759334564209,0.015625
esp_049651_1050_red-0030_missing_patch_0.3,esp_049651_1050_red-0030,esp_049651_1050,missing_patch,0.3,0.6327271188148265,0.10575139146567718,2.006739854812622,0.03228759765625
esp_049651_1050_red-0030_missing_patch_0.5,esp_049651_1050_red-0030,esp_049651_1050,missing_patch,0.5,0.7729612350463867,0.20249520153550865,3.089386224746704,0.0625
esp_049651_1050_red-0030_local_blur_0.15,esp_049651_1050_red-0030,esp_049651_1050,local_blur,0.15,0.7011515389893769,0.005835156819839533,1.6526657342910767,0.08355712890625
esp_049651_1050_red-0030_local_blur_0.3,esp_049651_1050_red-0030,esp_049651_1050,local_blur,0.3,0.7129981843866179,0.005942733657482442,1.7165478467941284,0.11285400390625
esp_049651_1050_red-0030_local_blur_0.5,esp_049651_1050_red-0030,esp_049651_1050,local_blur,0.5,0.7310491310317333,0.001920860545524395,1.7350621223449707,0.15875244140625
esp_049651_1050_red-0030_patch_duplication_0.15,esp_049651_1050_red-0030,esp_049651_1050,patch_duplication,0.15,0.578186277359251,0.0,1.2045410871505737,0.015625
esp_049651_1050_red-0030_patch_duplication_0.3,esp_049651_1050_red-0030,esp_049651_1050,patch_duplication,0.3,0.6609271523178808,0.0,1.4184470176696777,0.03228759765625
esp_049651_1050_red-0030_patch_duplication_0.5,esp_049651_1050_red-0030,esp_049651_1050,patch_duplication,0.5,0.5707240104675293,0.0,1.2176436185836792,0.0625
esp_049651_1050_red-0030_foreign_content_0.15,esp_049651_1050_red-0030,esp_049651_1050,foreign_content,0.15,0.5822271922278026,0.0,1.1536931991577148,0.015625
esp_049651_1050_red-0030_foreign_content_0.3,esp_049651_1050_red-0030,esp_049651_1050,foreign_content,0.3,0.6145590443641246,0.0,1.2491511106491089,0.03228759765625
esp_049651_1050_red-0030_foreign_content_0.5,esp_049651_1050_red-0030,esp_049651_1050,foreign_content,0.5,0.416021474202474,0.0,0.8588984608650208,0.0625
